栄養素id,栄養素,食材,100gあたり含有量,単位,一食の目安量g,一食あたり,一日の目安量,割合%,レベル,タグ,食品番号,含有量の出典,基準値の出典,確認メモ
alc,アルコール,日本酒,12.3,g,180,22.14,20.0,111,1,,16001,確認済,食事摂取基準に基準なし／健康日本21・節度ある適度な飲酒20g,実線化・日本食品標準成分表（八訂）増補2023年照合（品番16001 清酒普通酒）
alc,アルコール,焼酎,20.5,g,90,18.45,20.0,92,1,,16015,確認済,食事摂取基準に基準なし／健康日本21・節度ある適度な飲酒20g,実線化・日本食品標準成分表（八訂）増補2023年照合（品番16015 単式蒸留しょうちゅう）
alc,アルコール,ワイン,9.3,g,120,11.16,20.0,56,1,,16011,確認済,食事摂取基準に基準なし／健康日本21・節度ある適度な飲酒20g,実線化・日本食品標準成分表（八訂）増補2023年照合（品番16011 ぶどう酒赤）
alc,アルコール,ビール,3.7,g,350,12.95,20.0,65,1,,16006,確認済,食事摂取基準に基準なし／健康日本21・節度ある適度な飲酒20g,実線化・日本食品標準成分表（八訂）増補2023年照合（品番16006 ビール淡色）
alc,アルコール,梅酒,10.2,g,60,6.12,20.0,31,1,,16022,確認済,食事摂取基準に基準なし／健康日本21・節度ある適度な飲酒20g,実線化・日本食品標準成分表（八訂）増補2023年照合（品番16022 梅酒）
b1,ビタミンB1,豚もも,0.9,mg,80,0.72,0.9,80.0,1,,11130,確認済,2025年版・女性30-49・推奨量,11130 ＜畜肉類＞ ぶた ［大型種肉］ もも 脂身つき 生
b1,ビタミンB1,玄米,0.41,mg,150,0.61,0.9,67.8,1,,01080,確認済,2025年版・女性30-49・推奨量,01080 こめ ［水稲穀粒］ 玄米
b1,ビタミンB1,豚ひき肉,0.69,mg,80,0.55,0.9,61.1,1,,11163,確認済,2025年版・女性30-49・推奨量,11163 ＜畜肉類＞ ぶた ［ひき肉］ 生
b1,ビタミンB1,豚ロース,0.69,mg,80,0.55,0.9,61.1,1,,11123,確認済,2025年版・女性30-49・推奨量,11123 ＜畜肉類＞ ぶた ［大型種肉］ ロース 脂身つき 生
b1,ビタミンB1,豚ばら,0.51,mg,80,0.41,0.9,45.6,1,,11129,確認済,2025年版・女性30-49・推奨量,11129 ＜畜肉類＞ ぶた ［大型種肉］ ばら 脂身つき 生
b1,ビタミンB1,大豆,0.71,mg,50,0.35,0.9,38.9,1,,04023,確認済,2025年版・女性30-49・推奨量,04023 だいず ［全粒・全粒製品］ 全粒 黄大豆 国産 乾
b1,ビタミンB1,うなぎ,0.37,mg,80,0.3,0.9,33.3,1,,10067,確認済,2025年版・女性30-49・推奨量,10067 ＜魚類＞ うなぎ 養殖 生
b1,ビタミンB1,さば,0.21,mg,80,0.17,0.9,18.9,2,,10154,確認済,2025年版・女性30-49・推奨量,10154 ＜魚類＞ （さば類） まさば 生
b1,ビタミンB1,枝豆,0.31,mg,50,0.15,0.9,16.7,2,,06015,確認済,2025年版・女性30-49・推奨量,06015 えだまめ 生
b1,ビタミンB1,鮭,0.15,mg,80,0.12,0.9,13.3,2,,10134,確認済,2025年版・女性30-49・推奨量,10134 ＜魚類＞ （さけ・ます類） しろさけ 生
b1,ビタミンB1,白米,0.08,mg,150,0.12,0.9,13.3,2,,01083,確認済,2025年版・女性30-49・推奨量,01083 こめ ［水稲穀粒］ 精白米 うるち米
b1,ビタミンB1,まぐろ,0.15,mg,80,0.12,0.9,13.3,2,,10252,確認済,2025年版・女性30-49・推奨量,10252 ＜魚類＞ （まぐろ類） きはだ 生
b1,ビタミンB1,さつまいも,0.11,mg,100,0.11,0.9,12.2,2,,02006,確認済,2025年版・女性30-49・推奨量,02006 ＜いも類＞ （さつまいも類） さつまいも 塊根 皮なし 生
b1,ビタミンB1,かつお,0.13,mg,80,0.1,0.9,11.1,3,,10086,確認済,2025年版・女性30-49・推奨量,10086 ＜魚類＞ （かつお類） かつお 春獲り 生
b1,ビタミンB1,ブロッコリー,0.17,mg,60,0.1,0.9,11.1,3,,06263,確認済,2025年版・女性30-49・推奨量,06263 ブロッコリー 花序 生
b1,ビタミンB1,じゃがいも,0.09,mg,100,0.09,0.9,10.0,3,,02017,確認済,2025年版・女性30-49・推奨量,02017 ＜いも類＞ じゃがいも 塊茎 皮なし 生
b1,ビタミンB1,ベーコン,0.47,mg,20,0.09,0.9,10.0,3,,11183,確認済,2025年版・女性30-49・推奨量,11183 ＜畜肉類＞ ぶた ［ベーコン類］ ばらベーコン
b12,ビタミンB12,あさり,52.0,µg,40,20.8,4.0,520.0,1,,10281,確認済,2025年版・女性30-49・目安量,10281 ＜貝類＞ あさり 生
b12,ビタミンB12,牡蠣,23.0,µg,60,13.8,4.0,345.0,1,,10292,確認済,2025年版・女性30-49・目安量,10292 ＜貝類＞ かき 養殖 生
b12,ビタミンB12,いわし,16.0,µg,80,12.8,4.0,320.0,1,,10047,確認済,2025年版・女性30-49・目安量,成分表八訂 ＜魚類＞ （いわし類） まいわし 生／目安量は暫定
b12,ビタミンB12,さんま,16.0,µg,80,12.8,4.0,320.0,1,,10173,確認済,2025年版・女性30-49・目安量,10173 ＜魚類＞ さんま 皮つき 生
b12,ビタミンB12,豚レバー,25.0,µg,50,12.5,4.0,312,1,,11166,確認済,2025年版・女性30-49・目安量,豚レバーに統一（増補2023照合）
b12,ビタミンB12,さば,13.0,µg,80,10.4,4.0,260.0,1,,10154,確認済,2025年版・女性30-49・目安量,10154 ＜魚類＞ （さば類） まさば 生
b12,ビタミンB12,かつお,8.4,µg,80,6.72,4.0,168.0,1,,10086,確認済,2025年版・女性30-49・目安量,10086 ＜魚類＞ （かつお類） かつお 春獲り 生
b12,ビタミンB12,ほたて,11.0,µg,60,6.6,4.0,165.0,1,,10311,確認済,2025年版・女性30-49・目安量,成分表八訂 ＜貝類＞ ほたてがい 生／目安量は暫定
b12,ビタミンB12,鮭,5.9,µg,80,4.72,4.0,118.0,1,,10134,確認済,2025年版・女性30-49・目安量,10134 ＜魚類＞ （さけ・ます類） しろさけ 生
b12,ビタミンB12,まぐろ,5.8,µg,80,4.64,4.0,116.0,1,,10252,確認済,2025年版・女性30-49・目安量,10252 ＜魚類＞ （まぐろ類） きはだ 生
b12,ビタミンB12,いか,4.9,µg,80,3.92,4.0,98.0,1,,10345,確認済,2025年版・女性30-49・目安量,成分表八訂 ＜いか・たこ類＞ （いか類） するめいか 生／目安量は暫定
b12,ビタミンB12,ぶり,3.8,µg,80,3.04,4.0,76.0,1,,10241,確認済,2025年版・女性30-49・目安量,成分表八訂 ＜魚類＞ ぶり 成魚 生／目安量は暫定
b12,ビタミンB12,うなぎ,3.5,µg,80,2.8,4.0,70.0,1,,10067,確認済,2025年版・女性30-49・目安量,10067 ＜魚類＞ うなぎ 養殖 生
b12,ビタミンB12,たら,1.3,µg,80,1.04,4.0,26.0,2,,10205,確認済,2025年版・女性30-49・目安量,成分表八訂 ＜魚類＞ （たら類） まだら 生／目安量は暫定
b12,ビタミンB12,たこ,1.3,µg,60,0.78,4.0,19.5,2,,10361,確認済,2025年版・女性30-49・目安量,成分表八訂 ＜いか・たこ類＞ （たこ類） まだこ 生／目安量は暫定
b12,ビタミンB12,牛乳,0.3,µg,200,0.6,4.0,15.0,2,,13003,確認済,2025年版・女性30-49・目安量,13003 ＜牛乳及び乳製品＞ （液状乳類） 普通牛乳
b12,ビタミンB12,卵,1.1,µg,50,0.55,4.0,13.8,2,,12004,確認済,2025年版・女性30-49・目安量,12004 鶏卵 全卵 生
b12,ビタミンB12,豚ひき肉,0.6,µg,80,0.48,4.0,12.0,2,,11163,確認済,2025年版・女性30-49・目安量,11163 ＜畜肉類＞ ぶた ［ひき肉］ 生
b12,ビタミンB12,豚ばら,0.5,µg,80,0.4,4.0,10.0,3,,11129,確認済,2025年版・女性30-49・目安量,11129 ＜畜肉類＞ ぶた ［大型種肉］ ばら 脂身つき 生
b2,ビタミンB2,豚レバー,3.6,mg,50,1.8,1.2,150,1,,11166,確認済,2025年版・女性30-49・推奨量,豚レバーに統一（増補2023照合）
b2,ビタミンB2,うなぎ,0.48,mg,80,0.38,1.2,31.7,1,,10067,確認済,2025年版・女性30-49・推奨量,10067 ＜魚類＞ うなぎ 養殖 生
b2,ビタミンB2,牛乳,0.15,mg,200,0.3,1.2,25.0,2,,13003,確認済,2025年版・女性30-49・推奨量,13003 ＜牛乳及び乳製品＞ （液状乳類） 普通牛乳
b2,ビタミンB2,アーモンド,1.04,mg,25,0.26,1.2,21.7,2,,05040,確認済,2025年版・女性30-49・推奨量,05040 アーモンド いり 無塩
b2,ビタミンB2,さば,0.31,mg,80,0.25,1.2,20.8,2,,10154,確認済,2025年版・女性30-49・推奨量,10154 ＜魚類＞ （さば類） まさば 生
b2,ビタミンB2,納豆,0.56,mg,45,0.25,1.2,20.8,2,,04046,確認済,2025年版・女性30-49・推奨量,04046 だいず ［納豆類］ 糸引き納豆
b2,ビタミンB2,さんま,0.28,mg,80,0.22,1.2,18.3,2,,10173,確認済,2025年版・女性30-49・推奨量,10173 ＜魚類＞ さんま 皮つき 生
b2,ビタミンB2,豚ひき肉,0.22,mg,80,0.18,1.2,15.0,2,,11163,確認済,2025年版・女性30-49・推奨量,11163 ＜畜肉類＞ ぶた ［ひき肉］ 生
b2,ビタミンB2,卵,0.37,mg,50,0.18,1.2,15.0,2,,12004,確認済,2025年版・女性30-49・推奨量,12004 鶏卵 全卵 生
b2,ビタミンB2,鮭,0.21,mg,80,0.17,1.2,14.2,2,,10134,確認済,2025年版・女性30-49・推奨量,10134 ＜魚類＞ （さけ・ます類） しろさけ 生
b2,ビタミンB2,豚もも,0.21,mg,80,0.17,1.2,14.2,2,,11130,確認済,2025年版・女性30-49・推奨量,11130 ＜畜肉類＞ ぶた ［大型種肉］ もも 脂身つき 生
b2,ビタミンB2,ヨーグルト,0.14,mg,100,0.14,1.2,11.7,3,,13025,確認済,2025年版・女性30-49・推奨量,成分表八訂 ＜牛乳及び乳製品＞ （発酵乳・乳酸菌飲料） ヨーグルト 全脂無糖／目安量は暫定
b2,ビタミンB2,かつお,0.17,mg,80,0.14,1.2,11.7,3,,10086,確認済,2025年版・女性30-49・推奨量,10086 ＜魚類＞ （かつお類） かつお 春獲り 生
b2,ビタミンB2,ブロッコリー,0.23,mg,60,0.14,1.2,11.7,3,,06263,確認済,2025年版・女性30-49・推奨量,06263 ブロッコリー 花序 生
b2,ビタミンB2,アボカド,0.2,mg,70,0.14,1.2,11.7,3,,07006,確認済,2025年版・女性30-49・推奨量,07006 アボカド 生
b2,ビタミンB2,ほうれん草,0.2,mg,70,0.14,1.2,11.7,3,,06267,確認済,2025年版・女性30-49・推奨量,06267 ほうれんそう 葉 通年平均 生
b2,ビタミンB2,大豆,0.26,mg,50,0.13,1.2,10.8,3,,04023,確認済,2025年版・女性30-49・推奨量,04023 だいず ［全粒・全粒製品］ 全粒 黄大豆 国産 乾
b2,ビタミンB2,豚ロース,0.15,mg,80,0.12,1.2,10.0,3,,11123,確認済,2025年版・女性30-49・推奨量,11123 ＜畜肉類＞ ぶた ［大型種肉］ ロース 脂身つき 生
b2,ビタミンB2,鶏もも,0.15,mg,80,0.12,1.2,10.0,3,,11221,確認済,2025年版・女性30-49・推奨量,11221 ＜鳥肉類＞ にわとり ［若どり・主品目］ もも 皮つき 生
b6,ビタミンB6,玄米,0.45,mg,150,0.68,1.2,56.7,1,,01080,確認済,2025年版・女性30-49・推奨量,01080 こめ ［水稲穀粒］ 玄米
b6,ビタミンB6,かつお,0.76,mg,80,0.61,1.2,50.8,1,,10086,確認済,2025年版・女性30-49・推奨量,10086 ＜魚類＞ （かつお類） かつお 春獲り 生
b6,ビタミンB6,鮭,0.64,mg,80,0.51,1.2,42.5,1,,10134,確認済,2025年版・女性30-49・推奨量,10134 ＜魚類＞ （さけ・ます類） しろさけ 生
b6,ビタミンB6,まぐろ,0.64,mg,80,0.51,1.2,42.5,1,,10252,確認済,2025年版・女性30-49・推奨量,10252 ＜魚類＞ （まぐろ類） きはだ 生
b6,ビタミンB6,さば,0.59,mg,80,0.47,1.2,39.2,1,,10154,確認済,2025年版・女性30-49・推奨量,10154 ＜魚類＞ （さば類） まさば 生
b6,ビタミンB6,鶏むね,0.57,mg,80,0.46,1.2,38.3,1,,11219,確認済,2025年版・女性30-49・推奨量,11219 ＜鳥肉類＞ にわとり ［若どり・主品目］ むね 皮つき 生
b6,ビタミンB6,さんま,0.54,mg,80,0.43,1.2,35.8,1,,10173,確認済,2025年版・女性30-49・推奨量,10173 ＜魚類＞ さんま 皮つき 生
b6,ビタミンB6,バナナ,0.38,mg,100,0.38,1.2,31.7,1,,07107,確認済,2025年版・女性30-49・推奨量,07107 バナナ 生
b6,ビタミンB6,ささみ,0.62,mg,60,0.37,1.2,30.8,1,,11227,確認済,2025年版・女性30-49・推奨量,11227 ＜鳥肉類＞ にわとり ［若どり・副品目］ ささみ 生
b6,ビタミンB6,豚ひき肉,0.36,mg,80,0.29,1.2,24.2,2,,11163,確認済,2025年版・女性30-49・推奨量,11163 ＜畜肉類＞ ぶた ［ひき肉］ 生
b6,ビタミンB6,大豆,0.51,mg,50,0.26,1.2,21.7,2,,04023,確認済,2025年版・女性30-49・推奨量,04023 だいず ［全粒・全粒製品］ 全粒 黄大豆 国産 乾
b6,ビタミンB6,豚ロース,0.32,mg,80,0.26,1.2,21.7,2,,11123,確認済,2025年版・女性30-49・推奨量,11123 ＜畜肉類＞ ぶた ［大型種肉］ ロース 脂身つき 生
b6,ビタミンB6,さつまいも,0.26,mg,100,0.26,1.2,21.7,2,,02006,確認済,2025年版・女性30-49・推奨量,02006 ＜いも類＞ （さつまいも類） さつまいも 塊根 皮なし 生
b6,ビタミンB6,豚もも,0.31,mg,80,0.25,1.2,20.8,2,,11130,確認済,2025年版・女性30-49・推奨量,11130 ＜畜肉類＞ ぶた ［大型種肉］ もも 脂身つき 生
b6,ビタミンB6,アボカド,0.29,mg,70,0.2,1.2,16.7,2,,07006,確認済,2025年版・女性30-49・推奨量,07006 アボカド 生
b6,ビタミンB6,じゃがいも,0.2,mg,100,0.2,1.2,16.7,2,,02017,確認済,2025年版・女性30-49・推奨量,02017 ＜いも類＞ じゃがいも 塊茎 皮なし 生
b6,ビタミンB6,鶏もも,0.25,mg,80,0.2,1.2,16.7,2,,11221,確認済,2025年版・女性30-49・推奨量,11221 ＜鳥肉類＞ にわとり ［若どり・主品目］ もも 皮つき 生
b6,ビタミンB6,豚ばら,0.22,mg,80,0.18,1.2,15.0,2,,11129,確認済,2025年版・女性30-49・推奨量,11129 ＜畜肉類＞ ぶた ［大型種肉］ ばら 脂身つき 生
b6,ビタミンB6,ブロッコリー,0.3,mg,60,0.18,1.2,15.0,2,,06263,確認済,2025年版・女性30-49・推奨量,06263 ブロッコリー 花序 生
b6,ビタミンB6,白米,0.12,mg,150,0.18,1.2,15.0,2,,01083,確認済,2025年版・女性30-49・推奨量,01083 こめ ［水稲穀粒］ 精白米 うるち米
b6,ビタミンB6,赤ピーマン,0.37,mg,50,0.18,1.2,15.0,2,,06247,確認済,2025年版・女性30-49・推奨量,06247 （ピーマン類） 赤ピーマン 果実 生
ca,カルシウム,低脂肪乳,130.0,mg,200,260.0,650.0,40.0,1,,13005,確認済,2025年版・女性30-49・推奨量,成分表八訂 ＜牛乳及び乳製品＞ （液状乳類） 加工乳 低脂肪／目安量は暫定
ca,カルシウム,厚揚げ,240.0,mg,100,240.0,650.0,36.9,1,,04039,確認済,2025年版・女性30-49・推奨量,成分表八訂 だいず ［豆腐・油揚げ類］ 生揚げ／目安量は暫定
ca,カルシウム,スキムミルク,1100.0,mg,20,220.0,650.0,33.8,1,,13010,確認済,2025年版・女性30-49・推奨量,成分表八訂 ＜牛乳及び乳製品＞ （粉乳類） 脱脂粉乳／目安量は暫定
ca,カルシウム,牛乳,110.0,mg,200,220.0,650,33.8,1,,13003,確認済,2025年版・女性30-49・推奨量,13003 ＜牛乳及び乳製品＞ （液状乳類） 普通牛乳
ca,カルシウム,モロヘイヤ,260.0,mg,60,156.0,650.0,24.0,2,,06293,確認済,2025年版・女性30-49・推奨量,成分表八訂 モロヘイヤ 茎葉 生／目安量は暫定
ca,カルシウム,木綿豆腐,93.0,mg,150,139.5,650.0,21.5,2,,04032,確認済,2025年版・女性30-49・推奨量,成分表八訂 だいず ［豆腐・油揚げ類］ 木綿豆腐／目安量は暫定
ca,カルシウム,チーズ,630,mg,20,126.0,650,19,2,,13040,確認済,2025年版・女性30-49・推奨量,日本食品標準成分表（八訂）増補2023年照合・実線化（品番13040）
ca,カルシウム,ヨーグルト,120.0,mg,100,120.0,650.0,18.5,2,,13025,確認済,2025年版・女性30-49・推奨量,成分表八訂 ＜牛乳及び乳製品＞ （発酵乳・乳酸菌飲料） ヨーグルト 全脂無糖／目安量は暫定
ca,カルシウム,小松菜,170.0,mg,70,119.0,650,18.3,2,,06086,確認済,2025年版・女性30-49・推奨量,06086 こまつな 葉 生
ca,カルシウム,絹ごし豆腐,75.0,mg,150,112.5,650.0,17.3,2,,04033,確認済,2025年版・女性30-49・推奨量,成分表八訂 だいず ［豆腐・油揚げ類］ 絹ごし豆腐／目安量は暫定
ca,カルシウム,水菜,210.0,mg,50,105.0,650.0,16.2,2,,06072,確認済,2025年版・女性30-49・推奨量,成分表八訂 みずな 葉 生／目安量は暫定
ca,カルシウム,うなぎ,130.0,mg,80,104.0,650,16.0,2,,10067,確認済,2025年版・女性30-49・推奨量,10067 ＜魚類＞ うなぎ 養殖 生
ca,カルシウム,油揚げ,310.0,mg,30,93.0,650.0,14.3,2,,04040,確認済,2025年版・女性30-49・推奨量,成分表八訂 だいず ［豆腐・油揚げ類］ 油揚げ 生／目安量は暫定
ca,カルシウム,大豆,180.0,mg,50,90.0,650,13.8,2,,04023,確認済,2025年版・女性30-49・推奨量,04023 だいず ［全粒・全粒製品］ 全粒 黄大豆 国産 乾
ca,カルシウム,ひじき,1000.0,mg,8,80.0,650,12.3,2,,09050,確認済,2025年版・女性30-49・推奨量,09050 ひじき ほしひじき ステンレス釜 乾
ca,カルシウム,わかめ,780.0,mg,10,78.0,650,12.0,2,,09040,確認済,2025年版・女性30-49・推奨量,09040 わかめ 乾燥わかめ 素干し
ca,カルシウム,ごま,1200.0,mg,6,72.0,650,11.1,3,,05017,確認済,2025年版・女性30-49・推奨量,05017 ごま 乾
ca,カルシウム,アーモンド,260.0,mg,25,65.0,650,10.0,3,,05040,確認済,2025年版・女性30-49・推奨量,05040 アーモンド いり 無塩
ca,カルシウム,いわし,74.0,mg,80,59.2,650.0,9.1,3,,10047,確認済,2025年版・女性30-49・推奨量,成分表八訂 ＜魚類＞ （いわし類） まいわし 生／目安量は暫定
ca,カルシウム,昆布,780.0,mg,5,39.0,650.0,6.0,3,,09017,確認済,2025年版・女性30-49・推奨量,成分表八訂 （こんぶ類） まこんぶ 素干し 乾／目安量は暫定
cu,銅,豚レバー,0.99,mg,50,0.49,0.7,71,1,,11166,確認済,2025年版・女性30-49・推奨量,豚レバーに統一（増補2023照合）
cu,銅,牡蠣,1.04,mg,60,0.62,0.7,88.6,1,,10292,確認済,2025年版・女性30-49・推奨量,10292 ＜貝類＞ かき 養殖 生
cu,銅,大豆,1.07,mg,50,0.54,0.7,77.1,1,,04023,確認済,2025年版・女性30-49・推奨量,04023 だいず ［全粒・全粒製品］ 全粒 黄大豆 国産 乾
cu,銅,玄米,0.27,mg,150,0.41,0.7,58.6,1,,01080,確認済,2025年版・女性30-49・推奨量,01080 こめ ［水稲穀粒］ 玄米
cu,銅,白米,0.22,mg,150,0.33,0.7,47.1,1,,01083,確認済,2025年版・女性30-49・推奨量,01083 こめ ［水稲穀粒］ 精白米 うるち米
cu,銅,アーモンド,1.19,mg,25,0.3,0.7,42.9,1,,05040,確認済,2025年版・女性30-49・推奨量,05040 アーモンド いり 無塩
cu,銅,納豆,0.61,mg,45,0.27,0.7,38.6,1,,04046,確認済,2025年版・女性30-49・推奨量,04046 だいず ［納豆類］ 糸引き納豆
cu,銅,枝豆,0.41,mg,50,0.2,0.7,28.6,2,,06015,確認済,2025年版・女性30-49・推奨量,06015 えだまめ 生
cu,銅,えび,0.33,mg,60,0.2,0.7,28.3,2,,10415,確認済,2025年版・女性30-49・推奨量,成分表八訂 ＜えび・かに類＞ （えび類） バナメイえび 養殖 生／目安量は暫定
cu,銅,アボカド,0.24,mg,70,0.17,0.7,24.3,2,,07006,確認済,2025年版・女性30-49・推奨量,07006 アボカド 生
cu,銅,さつまいも,0.17,mg,100,0.17,0.7,24.3,2,,02006,確認済,2025年版・女性30-49・推奨量,02006 ＜いも類＞ （さつまいも類） さつまいも 塊根 皮なし 生
cu,銅,ごぼう,0.21,mg,60,0.13,0.7,18.6,2,,06084,確認済,2025年版・女性30-49・推奨量,06084 ごぼう 根 生
cu,銅,オートミール,0.28,mg,40,0.11,0.7,15.7,2,,01004,確認済,2025年版・女性30-49・推奨量,01004 えんばく オートミール
cu,銅,さば,0.12,mg,80,0.1,0.7,14.3,2,,10154,確認済,2025年版・女性30-49・推奨量,10154 ＜魚類＞ （さば類） まさば 生
cu,銅,さんま,0.12,mg,80,0.1,0.7,14.3,2,,10173,確認済,2025年版・女性30-49・推奨量,10173 ＜魚類＞ さんま 皮つき 生
cu,銅,ごま,1.66,mg,6,0.1,0.7,14.3,2,,05017,確認済,2025年版・女性30-49・推奨量,05017 ごま 乾
cu,銅,キウイ,0.1,mg,100,0.1,0.7,14.3,2,,07054,確認済,2025年版・女性30-49・推奨量,07054 キウイフルーツ 緑肉種 生
cu,銅,かつお,0.11,mg,80,0.09,0.7,12.9,2,,10086,確認済,2025年版・女性30-49・推奨量,10086 ＜魚類＞ （かつお類） かつお 春獲り 生
cu,銅,里芋,0.15,mg,60,0.09,0.7,12.9,2,,02010,確認済,2025年版・女性30-49・推奨量,02010 ＜いも類＞ （さといも類） さといも 球茎 生
cu,銅,じゃがいも,0.09,mg,100,0.09,0.7,12.9,2,,02017,確認済,2025年版・女性30-49・推奨量,02017 ＜いも類＞ じゃがいも 塊茎 皮なし 生
cu,銅,バナナ,0.09,mg,100,0.09,0.7,12.9,2,,07107,確認済,2025年版・女性30-49・推奨量,07107 バナナ 生
cu,銅,ほうれん草,0.11,mg,70,0.08,0.7,11.4,3,,06267,確認済,2025年版・女性30-49・推奨量,06267 ほうれんそう 葉 通年平均 生
fat,脂質,豚ばら,35.4,g,80,28.32,57,49.7,1,,11129,確認済,2025年版・女性30-49・目標量25%E×2050kcal÷9で換算,11129 ＜畜肉類＞ ぶた ［大型種肉］ ばら 脂身つき 生
fat,脂質,さんま,25.6,g,80,20.48,57,35.9,1,,10173,確認済,2025年版・女性30-49・目標量25%E×2050kcal÷9で換算,10173 ＜魚類＞ さんま 皮つき 生
fat,脂質,うなぎ,19.3,g,80,15.44,57,27.1,2,,10067,確認済,2025年版・女性30-49・目標量25%E×2050kcal÷9で換算,10067 ＜魚類＞ うなぎ 養殖 生
fat,脂質,豚ロース,19.2,g,80,15.36,57,26.9,2,,11123,確認済,2025年版・女性30-49・目標量25%E×2050kcal÷9で換算,11123 ＜畜肉類＞ ぶた ［大型種肉］ ロース 脂身つき 生
fat,脂質,ぶり,17.6,g,80,14.08,57.0,24.7,2,,10241,確認済,2025年版・女性30-49・目標量25%E×2050kcal÷9で換算,成分表八訂 ＜魚類＞ ぶり 成魚 生／目安量は暫定
fat,脂質,豚ひき肉,17.2,g,80,13.76,57,24.1,2,,11163,確認済,2025年版・女性30-49・目標量25%E×2050kcal÷9で換算,11163 ＜畜肉類＞ ぶた ［ひき肉］ 生
fat,脂質,アーモンド,54.1,g,25,13.53,57,23.7,2,,05040,確認済,2025年版・女性30-49・目標量25%E×2050kcal÷9で換算,05040 アーモンド いり 無塩
fat,脂質,さば,16.8,g,80,13.44,57,23.6,2,,10154,確認済,2025年版・女性30-49・目標量25%E×2050kcal÷9で換算,10154 ＜魚類＞ （さば類） まさば 生
fat,脂質,ソーセージ,32.0,g,40,12.8,57.0,22.5,2,,11306,確認済,2025年版・女性30-49・目標量25%E×2050kcal÷9で換算,成分表八訂 ＜畜肉類＞ ぶた ［ソーセージ類］ ウインナーソーセージ ゆで／目安量は暫定
fat,脂質,アボカド,17.5,g,70,12.25,57,21.5,2,,07006,確認済,2025年版・女性30-49・目標量25%E×2050kcal÷9で換算,07006 アボカド 生
fat,脂質,鶏もも,14.2,g,80,11.36,57,19.9,2,,11221,確認済,2025年版・女性30-49・目標量25%E×2050kcal÷9で換算,11221 ＜鳥肉類＞ にわとり ［若どり・主品目］ もも 皮つき 生
fat,脂質,くるみ,68.8,g,15,10.32,57.0,18.1,2,,05014,確認済,2025年版・女性30-49・目標量25%E×2050kcal÷9で換算,成分表八訂 くるみ いり／目安量は暫定
fat,脂質,オリーブ油,100.0,g,10,10.0,57,17.5,2,unsat,14001,確認済,2025年版・女性30-49・目標量25%E×2050kcal÷9で換算,14001 （植物油脂類） オリーブ油
fat,脂質,大豆,19.7,g,50,9.85,57,17.3,2,,04023,確認済,2025年版・女性30-49・目標量25%E×2050kcal÷9で換算,04023 だいず ［全粒・全粒製品］ 全粒 黄大豆 国産 乾
fat,脂質,マヨネーズ,76.0,g,12,9.12,57,16.0,2,unsat,17042,確認済,2025年版・女性30-49・目標量25%E×2050kcal÷9で換算,17042 ＜調味料類＞ （ドレッシング類） 半固形状ドレッシング マヨネーズ 全卵型
fat,脂質,生クリーム,43.0,g,20,8.6,57,15.1,2,sat,13014,確認済,2025年版・女性30-49・目標量25%E×2050kcal÷9で換算,13014 ＜牛乳及び乳製品＞ （クリーム類） クリーム 乳脂肪
fat,脂質,チョコレート,34.1,g,30,10.23,57,18,2,sat,15116,確認済,2025年版・女性30-49・目標量25%E×2050kcal÷9で換算,日本食品標準成分表（八訂）増補2023年照合・実線化（品番15116）
fat,脂質,豚もも,10.2,g,80,8.16,57,14.3,2,,11130,確認済,2025年版・女性30-49・目標量25%E×2050kcal÷9で換算,11130 ＜畜肉類＞ ぶた ［大型種肉］ もも 脂身つき 生
fat,脂質,バター,81.0,g,10,8.1,57,14,2,sat,14017,確認済,2025年版・女性30-49・目標量25%E×2050kcal÷9で換算,日本食品標準成分表（八訂）増補2023年照合・実線化（品番14017）
fat,脂質,ベーコン,39.1,g,20,7.82,57,13.7,2,sat,11183,確認済,2025年版・女性30-49・目標量25%E×2050kcal÷9で換算,11183 ＜畜肉類＞ ぶた ［ベーコン類］ ばらベーコン
fat,脂質,牛乳,3.8,g,200,7.6,57,13.3,2,,13003,確認済,2025年版・女性30-49・目標量25%E×2050kcal÷9で換算,13003 ＜牛乳及び乳製品＞ （液状乳類） 普通牛乳
fat,脂質,ピーナッツ,49.6,g,15,7.44,57.0,13.1,2,,05035,確認済,2025年版・女性30-49・目標量25%E×2050kcal÷9で換算,成分表八訂 らっかせい 大粒種 いり／目安量は暫定
fat,脂質,カシューナッツ,47.6,g,15,7.14,57.0,12.5,2,,05005,確認済,2025年版・女性30-49・目標量25%E×2050kcal÷9で換算,成分表八訂 カシューナッツ フライ 味付け／目安量は暫定
fat,脂質,えごま油,100.0,g,5,5.0,57.0,8.8,3,,14024,確認済,2025年版・女性30-49・目標量25%E×2050kcal÷9で換算,成分表八訂 （植物油脂類） えごま油／目安量は暫定
fat,脂質,亜麻仁油,100.0,g,5,5.0,57.0,8.8,3,,14023,確認済,2025年版・女性30-49・目標量25%E×2050kcal÷9で換算,成分表八訂 （植物油脂類） あまに油／目安量は暫定
fat,脂質,牛脂,99.8,g,5,4.99,57,8.8,3,sat,14015,確認済,2025年版・女性30-49・目標量25%E×2050kcal÷9で換算,14015 （動物油脂類） 牛脂
fat,脂質,ドレッシング,14.5,g,15,2.17,57.0,3.8,3,,17116,確認済,2025年版・女性30-49・目標量25%E×2050kcal÷9で換算,成分表八訂 ＜調味料類＞ （ドレッシング類） 分離液状ドレッシング 和風ドレッシング 分離液状／目安量は暫定
fe,鉄,豚レバー,13.0,mg,50,6.5,10.5,62,1,heme,11166,確認済,2025年版・女性30-49・推奨量（月経あり）,豚レバーに統一（増補2023照合）
fe,鉄,大豆,6.8,mg,50,3.4,10.5,32.4,1,nonheme,04023,確認済,2025年版・女性30-49・推奨量（月経あり）,04023 だいず ［全粒・全粒製品］ 全粒 黄大豆 国産 乾
fe,鉄,玄米,2.1,mg,150,3.15,10.5,30.0,1,,01080,確認済,2025年版・女性30-49・推奨量（月経あり）,01080 こめ ［水稲穀粒］ 玄米
fe,鉄,厚揚げ,2.6,mg,100,2.6,10.5,24.8,2,,04039,確認済,2025年版・女性30-49・推奨量（月経あり）,成分表八訂 だいず ［豆腐・油揚げ類］ 生揚げ／目安量は暫定
fe,鉄,木綿豆腐,1.5,mg,150,2.25,10.5,21.4,2,,04032,確認済,2025年版・女性30-49・推奨量（月経あり）,成分表八訂 だいず ［豆腐・油揚げ類］ 木綿豆腐／目安量は暫定
fe,鉄,レンズ豆,4.3,mg,50,2.15,10.5,20.5,2,,04094,確認済,2025年版・女性30-49・推奨量（月経あり）,成分表八訂 レンズまめ 全粒 ゆで／目安量は暫定
fe,鉄,小松菜,2.8,mg,70,1.96,10.5,18.7,2,nonheme,06086,確認済,2025年版・女性30-49・推奨量（月経あり）,06086 こまつな 葉 生
fe,鉄,いわし,2.1,mg,80,1.68,10.5,16.0,2,,10047,確認済,2025年版・女性30-49・推奨量（月経あり）,成分表八訂 ＜魚類＞ （いわし類） まいわし 生／目安量は暫定
fe,鉄,まぐろ,2.0,mg,80,1.6,10.5,15.2,2,,10252,確認済,2025年版・女性30-49・推奨量（月経あり）,10252 ＜魚類＞ （まぐろ類） きはだ 生
fe,鉄,オートミール,3.9,mg,40,1.56,10.5,14.9,2,,01004,確認済,2025年版・女性30-49・推奨量（月経あり）,01004 えんばく オートミール
fe,鉄,あさり,3.8,mg,40,1.52,10.5,14.5,2,heme,10281,確認済,2025年版・女性30-49・推奨量（月経あり）,10281 ＜貝類＞ あさり 生
fe,鉄,かつお,1.9,mg,80,1.52,10.5,14.5,2,heme,10086,確認済,2025年版・女性30-49・推奨量（月経あり）,10086 ＜魚類＞ （かつお類） かつお 春獲り 生
fe,鉄,納豆,3.3,mg,45,1.49,10.5,14.2,2,,04046,確認済,2025年版・女性30-49・推奨量（月経あり）,04046 だいず ［納豆類］ 糸引き納豆
fe,鉄,ほうれん草,2.0,mg,70,1.4,10.5,13.3,2,nonheme,06267,確認済,2025年版・女性30-49・推奨量（月経あり）,06267 ほうれんそう 葉 通年平均 生
fe,鉄,枝豆,2.7,mg,50,1.35,10.5,12.9,2,,06015,確認済,2025年版・女性30-49・推奨量（月経あり）,06015 えだまめ 生
fe,鉄,牛もも,1.3,mg,100,1.3,10.5,12.4,2,,11048,確認済,2025年版・女性30-49・推奨量（月経あり）,成分表八訂 ＜畜肉類＞ うし ［乳用肥育牛肉］ もも 皮下脂肪なし 生／目安量は暫定
fe,鉄,牡蠣,2.1,mg,60,1.26,10.5,12.0,2,,10292,確認済,2025年版・女性30-49・推奨量（月経あり）,10292 ＜貝類＞ かき 養殖 生
fe,鉄,白米,0.8,mg,150,1.2,10.5,11.4,3,,01083,確認済,2025年版・女性30-49・推奨量（月経あり）,01083 こめ ［水稲穀粒］ 精白米 うるち米
fe,鉄,さんま,1.4,mg,80,1.12,10.5,10.7,3,,10173,確認済,2025年版・女性30-49・推奨量（月経あり）,10173 ＜魚類＞ さんま 皮つき 生
fe,鉄,きなこ,8.0,mg,10,0.8,10.5,7.6,3,,04029,確認済,2025年版・女性30-49・推奨量（月経あり）,成分表八訂 だいず ［全粒・全粒製品］ きな粉 黄大豆 全粒大豆／目安量は暫定
fe,鉄,シリアル,0.9,mg,40,0.36,10.5,3.4,3,,01137,確認済,2025年版・女性30-49・推奨量（月経あり）,成分表八訂 とうもろこし コーンフレーク／目安量は暫定
fe,鉄,のり,11.0,mg,3,0.33,10.5,3.1,3,,09004,確認済,2025年版・女性30-49・推奨量（月経あり）,成分表八訂 あまのり 焼きのり／目安量は暫定
fiber,食物繊維,大豆,21.5,g,50,10.75,18,59.7,1,,04023,確認済,2025年版・女性30-49・目標量（以上）,04023 だいず ［全粒・全粒製品］ 全粒 黄大豆 国産 乾
fiber,食物繊維,じゃがいも,8.9,g,100,8.9,18,49.4,1,,02017,確認済,2025年版・女性30-49・目標量（以上）,02017 ＜いも類＞ じゃがいも 塊茎 皮なし 生
fiber,食物繊維,ひよこ豆,11.6,g,50,5.8,18.0,32.2,1,,04066,確認済,2025年版・女性30-49・目標量（以上）,成分表八訂 ひよこまめ 全粒 ゆで／目安量は暫定
fiber,食物繊維,レンズ豆,9.4,g,50,4.7,18.0,26.1,2,,04094,確認済,2025年版・女性30-49・目標量（以上）,成分表八訂 レンズまめ 全粒 ゆで／目安量は暫定
fiber,食物繊維,玄米,3.0,g,150,4.5,18,25.0,2,,01080,確認済,2025年版・女性30-49・目標量（以上）,01080 こめ ［水稲穀粒］ 玄米
fiber,食物繊維,ひじき,51.8,g,8,4.14,18,23.0,2,,09050,確認済,2025年版・女性30-49・目標量（以上）,09050 ひじき ほしひじき ステンレス釜 乾
fiber,食物繊維,アボカド,5.6,g,70,3.92,18,21.8,2,,07006,確認済,2025年版・女性30-49・目標量（以上）,07006 アボカド 生
fiber,食物繊維,オートミール,9.4,g,40,3.76,18,20.9,2,,01004,確認済,2025年版・女性30-49・目標量（以上）,01004 えんばく オートミール
fiber,食物繊維,ごぼう,5.7,g,60,3.42,18,19.0,2,,06084,確認済,2025年版・女性30-49・目標量（以上）,06084 ごぼう 根 生
fiber,食物繊維,わかめ,32.7,g,10,3.27,18,18.2,2,,09040,確認済,2025年版・女性30-49・目標量（以上）,09040 わかめ 乾燥わかめ 素干し
fiber,食物繊維,ブロッコリー,5.1,g,60,3.06,18,17.0,2,,06263,確認済,2025年版・女性30-49・目標量（以上）,06263 ブロッコリー 花序 生
fiber,食物繊維,納豆,6.7,g,45,3.02,18,16.8,2,,04046,確認済,2025年版・女性30-49・目標量（以上）,04046 だいず ［納豆類］ 糸引き納豆
fiber,食物繊維,とうもろこし,3.0,g,100,3.0,18.0,16.7,2,,06175,確認済,2025年版・女性30-49・目標量（以上）,成分表八訂 （とうもろこし類） スイートコーン 未熟種子 生／目安量は暫定
fiber,食物繊維,アーモンド,11.0,g,25,2.75,18,15.3,2,,05040,確認済,2025年版・女性30-49・目標量（以上）,05040 アーモンド いり 無塩
fiber,食物繊維,キウイ,2.6,g,100,2.6,18,14.4,2,,07054,確認済,2025年版・女性30-49・目標量（以上）,07054 キウイフルーツ 緑肉種 生
fiber,食物繊維,枝豆,5.0,g,50,2.5,18,13.9,2,,06015,確認済,2025年版・女性30-49・目標量（以上）,06015 えだまめ 生
fiber,食物繊維,かぼちゃ,2.8,g,80,2.24,18,12.4,2,,06046,確認済,2025年版・女性30-49・目標量（以上）,06046 （かぼちゃ類） 日本かぼちゃ 果実 生
fiber,食物繊維,さつまいも,2.2,g,100,2.2,18,12.2,2,,02006,確認済,2025年版・女性30-49・目標量（以上）,02006 ＜いも類＞ （さつまいも類） さつまいも 塊根 皮なし 生
fiber,食物繊維,切り干し大根,21.3,g,10,2.13,18,11.8,3,,06136,確認済,2025年版・女性30-49・目標量（以上）,06136 （だいこん類） 切干しだいこん 乾
fiber,食物繊維,ブルーベリー,3.3,g,60,1.98,18.0,11.0,3,,07124,確認済,2025年版・女性30-49・目標量（以上）,成分表八訂 ブルーベリー 生／目安量は暫定
fiber,食物繊維,ほうれん草,2.8,g,70,1.96,18,10.9,3,,06267,確認済,2025年版・女性30-49・目標量（以上）,06267 ほうれんそう 葉 通年平均 生
fiber,食物繊維,えのき,3.9,g,50,1.95,18.0,10.8,3,,08001,確認済,2025年版・女性30-49・目標量（以上）,成分表八訂 えのきたけ 生／目安量は暫定
fiber,食物繊維,きなこ,18.1,g,10,1.81,18.0,10.1,3,,04029,確認済,2025年版・女性30-49・目標量（以上）,成分表八訂 だいず ［全粒・全粒製品］ きな粉 黄大豆 全粒大豆／目安量は暫定
fiber,食物繊維,梨,0.9,g,200,1.8,18.0,10.0,3,,07088,確認済,2025年版・女性30-49・目標量（以上）,成分表八訂 （なし類） 日本なし 生／目安量は暫定
fiber,食物繊維,まいたけ,3.5,g,50,1.75,18.0,9.7,3,,08028,確認済,2025年版・女性30-49・目標量（以上）,成分表八訂 まいたけ 生／目安量は暫定
fiber,食物繊維,めかぶ,3.4,g,50,1.7,18.0,9.4,3,,09047,確認済,2025年版・女性30-49・目標量（以上）,成分表八訂 わかめ めかぶわかめ 生／目安量は暫定
fiber,食物繊維,昆布,32.1,g,5,1.6,18.0,8.9,3,,09017,確認済,2025年版・女性30-49・目標量（以上）,成分表八訂 （こんぶ類） まこんぶ 素干し 乾／目安量は暫定
fiber,食物繊維,なす,2.2,g,70,1.54,18.0,8.6,3,,06191,確認済,2025年版・女性30-49・目標量（以上）,成分表八訂 （なす類） なす 果実 生／目安量は暫定
fiber,食物繊維,しめじ,3.0,g,50,1.5,18.0,8.3,3,,08016,確認済,2025年版・女性30-49・目標量（以上）,成分表八訂 （しめじ類） ぶなしめじ 生／目安量は暫定
fiber,食物繊維,しいたけ,4.9,g,30,1.47,18.0,8.2,3,,08039,確認済,2025年版・女性30-49・目標量（以上）,成分表八訂 しいたけ 生しいたけ 菌床栽培 生／目安量は暫定
fiber,食物繊維,りんご,1.4,g,100,1.4,18.0,7.8,3,,07148,確認済,2025年版・女性30-49・目標量（以上）,成分表八訂 りんご 皮なし 生／目安量は暫定
fiber,食物繊維,くるみ,7.5,g,15,1.12,18.0,6.2,3,,05014,確認済,2025年版・女性30-49・目標量（以上）,成分表八訂 くるみ いり／目安量は暫定
fiber,食物繊維,もずく,1.4,g,50,0.7,18.0,3.9,3,,09038,確認済,2025年版・女性30-49・目標量（以上）,成分表八訂 （もずく類） もずく 塩蔵 塩抜き／目安量は暫定
fiber,食物繊維,セロリ,1.5,g,40,0.6,18.0,3.3,3,,06119,確認済,2025年版・女性30-49・目標量（以上）,成分表八訂 セロリ 葉柄 生／目安量は暫定
folate,葉酸,枝豆,320.0,µg,50,160.0,240,66.7,1,,06015,確認済,2025年版・女性30-49・推奨量,06015 えだまめ 生
folate,葉酸,モロヘイヤ,250.0,µg,60,150.0,240.0,62.5,1,,06293,確認済,2025年版・女性30-49・推奨量,成分表八訂 モロヘイヤ 茎葉 生／目安量は暫定
folate,葉酸,ほうれん草,210.0,µg,70,147.0,240,61.3,1,,06267,確認済,2025年版・女性30-49・推奨量,06267 ほうれんそう 葉 通年平均 生
folate,葉酸,ブロッコリー,220.0,µg,60,132.0,240,55.0,1,,06263,確認済,2025年版・女性30-49・推奨量,06263 ブロッコリー 花序 生
folate,葉酸,大豆,260.0,µg,50,130.0,240,54.2,1,,04023,確認済,2025年版・女性30-49・推奨量,04023 だいず ［全粒・全粒製品］ 全粒 黄大豆 国産 乾
folate,葉酸,アスパラガス,190.0,µg,60,114.0,240.0,47.5,1,,06007,確認済,2025年版・女性30-49・推奨量,成分表八訂 アスパラガス 若茎 生／目安量は暫定
folate,葉酸,小松菜,110.0,µg,70,77.0,240,32.1,1,,06086,確認済,2025年版・女性30-49・推奨量,06086 こまつな 葉 生
folate,葉酸,いちご,90.0,µg,80,72.0,240,30.0,1,,07012,確認済,2025年版・女性30-49・推奨量,07012 いちご 生
folate,葉酸,水菜,140.0,µg,50,70.0,240.0,29.2,2,,06072,確認済,2025年版・女性30-49・推奨量,成分表八訂 みずな 葉 生／目安量は暫定
folate,葉酸,かぼちゃ,80.0,µg,80,64.0,240,26.7,2,,06046,確認済,2025年版・女性30-49・推奨量,06046 （かぼちゃ類） 日本かぼちゃ 果実 生
folate,葉酸,キャベツ,78.0,µg,80,62.4,240.0,26.0,2,,06061,確認済,2025年版・女性30-49・推奨量,成分表八訂 （キャベツ類） キャベツ 結球葉 生／目安量は暫定
folate,葉酸,アボカド,83.0,µg,70,58.1,240,24.2,2,,07006,確認済,2025年版・女性30-49・推奨量,07006 アボカド 生
folate,葉酸,のり,1900.0,µg,3,57.0,240.0,23.8,2,,09004,確認済,2025年版・女性30-49・推奨量,成分表八訂 あまのり 焼きのり／目安量は暫定
folate,葉酸,ひよこ豆,110.0,µg,50,55.0,240.0,22.9,2,,04066,確認済,2025年版・女性30-49・推奨量,成分表八訂 ひよこまめ 全粒 ゆで／目安量は暫定
folate,葉酸,納豆,120.0,µg,45,54.0,240,22.5,2,,04046,確認済,2025年版・女性30-49・推奨量,04046 だいず ［納豆類］ 糸引き納豆
folate,葉酸,さつまいも,49.0,µg,100,49.0,240,20.4,2,,02006,確認済,2025年版・女性30-49・推奨量,02006 ＜いも類＞ （さつまいも類） さつまいも 塊根 皮なし 生
folate,葉酸,オレンジ,34.0,µg,130,44.2,240.0,18.4,2,,07040,確認済,2025年版・女性30-49・推奨量,成分表八訂 （かんきつ類） オレンジ ネーブル 砂じょう 生／目安量は暫定
folate,葉酸,わかめ,440.0,µg,10,44.0,240,18.3,2,,09040,確認済,2025年版・女性30-49・推奨量,09040 わかめ 乾燥わかめ 素干し
folate,葉酸,ごぼう,68.0,µg,60,40.8,240,17.0,2,,06084,確認済,2025年版・女性30-49・推奨量,06084 ごぼう 根 生
folate,葉酸,玄米,27.0,µg,150,40.5,240,16.9,2,,01080,確認済,2025年版・女性30-49・推奨量,01080 こめ ［水稲穀粒］ 玄米
folate,葉酸,キウイ,37.0,µg,100,37.0,240,15.4,2,,07054,確認済,2025年版・女性30-49・推奨量,07054 キウイフルーツ 緑肉種 生
folate,葉酸,赤ピーマン,68.0,µg,50,34.0,240,14.2,2,,06247,確認済,2025年版・女性30-49・推奨量,06247 （ピーマン類） 赤ピーマン 果実 生
folate,葉酸,もやし,41.0,µg,80,32.8,240.0,13.7,2,,06291,確認済,2025年版・女性30-49・推奨量,成分表八訂 （もやし類） りょくとうもやし 生／目安量は暫定
folate,葉酸,レタス,73.0,µg,40,29.2,240.0,12.2,2,,06312,確認済,2025年版・女性30-49・推奨量,成分表八訂 （レタス類） レタス 土耕栽培 結球葉 生／目安量は暫定
folate,葉酸,バナナ,26.0,µg,100,26.0,240,10.8,3,,07107,確認済,2025年版・女性30-49・推奨量,07107 バナナ 生
folate,葉酸,卵,49.0,µg,50,24.5,240,10.2,3,,12004,確認済,2025年版・女性30-49・推奨量,12004 鶏卵 全卵 生
folate,葉酸,レンズ豆,22.0,µg,50,11.0,240.0,4.6,3,,04094,確認済,2025年版・女性30-49・推奨量,成分表八訂 レンズまめ 全粒 ゆで／目安量は暫定
k,カリウム,大豆,1900.0,mg,50,950.0,2600,36.5,1,,04023,確認済,2025年版・女性30-49・目標量（以上）,04023 だいず ［全粒・全粒製品］ 全粒 黄大豆 国産 乾
k,カリウム,わかめ,5200.0,mg,10,520.0,2600,20.0,2,,09040,確認済,2025年版・女性30-49・目標量（以上）,09040 わかめ 乾燥わかめ 素干し
k,カリウム,ひじき,6400.0,mg,8,512.0,2600,19.7,2,,09050,確認済,2025年版・女性30-49・目標量（以上）,09050 ひじき ほしひじき ステンレス釜 乾
k,カリウム,ほうれん草,690.0,mg,70,483.0,2600,18.6,2,,06267,確認済,2025年版・女性30-49・目標量（以上）,06267 ほうれんそう 葉 通年平均 生
k,カリウム,さつまいも,480.0,mg,100,480.0,2600,18.5,2,,02006,確認済,2025年版・女性30-49・目標量（以上）,02006 ＜いも類＞ （さつまいも類） さつまいも 塊根 皮なし 生
k,カリウム,アボカド,590.0,mg,70,413.0,2600,15.9,2,,07006,確認済,2025年版・女性30-49・目標量（以上）,07006 アボカド 生
k,カリウム,じゃがいも,410.0,mg,100,410.0,2600,15.8,2,,02017,確認済,2025年版・女性30-49・目標量（以上）,02017 ＜いも類＞ じゃがいも 塊茎 皮なし 生
k,カリウム,里芋,640.0,mg,60,384.0,2600,14.8,2,,02010,確認済,2025年版・女性30-49・目標量（以上）,02010 ＜いも類＞ （さといも類） さといも 球茎 生
k,カリウム,豆乳,190.0,mg,200,380.0,2600.0,14.6,2,,04052,確認済,2025年版・女性30-49・目標量（以上）,成分表八訂 だいず ［その他］ 豆乳 豆乳／目安量は暫定
k,カリウム,バナナ,360.0,mg,100,360.0,2600,13.8,2,,07107,確認済,2025年版・女性30-49・目標量（以上）,07107 バナナ 生
k,カリウム,まぐろ,450.0,mg,80,360.0,2600,13.8,2,,10252,確認済,2025年版・女性30-49・目標量（以上）,10252 ＜魚類＞ （まぐろ類） きはだ 生
k,カリウム,小松菜,500.0,mg,70,350.0,2600,13.5,2,,06086,確認済,2025年版・女性30-49・目標量（以上）,06086 こまつな 葉 生
k,カリウム,切り干し大根,3500.0,mg,10,350.0,2600,13.5,2,,06136,確認済,2025年版・女性30-49・目標量（以上）,06136 （だいこん類） 切干しだいこん 乾
k,カリウム,玄米,230.0,mg,150,345.0,2600,13.3,2,,01080,確認済,2025年版・女性30-49・目標量（以上）,01080 こめ ［水稲穀粒］ 玄米
k,カリウム,かつお,430.0,mg,80,344.0,2600,13.2,2,,10086,確認済,2025年版・女性30-49・目標量（以上）,10086 ＜魚類＞ （かつお類） かつお 春獲り 生
k,カリウム,かぼちゃ,400.0,mg,80,320.0,2600,12.3,2,,06046,確認済,2025年版・女性30-49・目標量（以上）,06046 （かぼちゃ類） 日本かぼちゃ 果実 生
k,カリウム,トマト,210.0,mg,150,315.0,2600.0,12.1,2,,06182,確認済,2025年版・女性30-49・目標量（以上）,成分表八訂 （トマト類） 赤色トマト 果実 生／目安量は暫定
k,カリウム,昆布,6100.0,mg,5,305.0,2600.0,11.7,3,,09017,確認済,2025年版・女性30-49・目標量（以上）,成分表八訂 （こんぶ類） まこんぶ 素干し 乾／目安量は暫定
k,カリウム,キウイ,300.0,mg,100,300.0,2600,11.5,3,,07054,確認済,2025年版・女性30-49・目標量（以上）,07054 キウイフルーツ 緑肉種 生
k,カリウム,牛乳,150.0,mg,200,300.0,2600,11.5,3,,13003,確認済,2025年版・女性30-49・目標量（以上）,13003 ＜牛乳及び乳製品＞ （液状乳類） 普通牛乳
k,カリウム,納豆,660.0,mg,45,297.0,2600,11.4,3,,04046,確認済,2025年版・女性30-49・目標量（以上）,04046 だいず ［納豆類］ 糸引き納豆
k,カリウム,枝豆,590.0,mg,50,295.0,2600,11.3,3,,06015,確認済,2025年版・女性30-49・目標量（以上）,06015 えだまめ 生
k,カリウム,とうもろこし,290.0,mg,100,290.0,2600.0,11.2,3,,06175,確認済,2025年版・女性30-49・目標量（以上）,成分表八訂 （とうもろこし類） スイートコーン 未熟種子 生／目安量は暫定
k,カリウム,梨,140.0,mg,200,280.0,2600.0,10.8,3,,07088,確認済,2025年版・女性30-49・目標量（以上）,成分表八訂 （なし類） 日本なし 生／目安量は暫定
k,カリウム,鮭,350.0,mg,80,280.0,2600,10.8,3,,10134,確認済,2025年版・女性30-49・目標量（以上）,10134 ＜魚類＞ （さけ・ます類） しろさけ 生
k,カリウム,豚もも,350.0,mg,80,280.0,2600,10.8,3,,11130,確認済,2025年版・女性30-49・目標量（以上）,11130 ＜畜肉類＞ ぶた ［大型種肉］ もも 脂身つき 生
k,カリウム,ブロッコリー,460.0,mg,60,276.0,2600,10.6,3,,06263,確認済,2025年版・女性30-49・目標量（以上）,06263 ブロッコリー 花序 生
k,カリウム,鶏むね,340.0,mg,80,272.0,2600,10.5,3,,11219,確認済,2025年版・女性30-49・目標量（以上）,11219 ＜鳥肉類＞ にわとり ［若どり・主品目］ むね 皮つき 生
k,カリウム,さば,330.0,mg,80,264.0,2600,10.2,3,,10154,確認済,2025年版・女性30-49・目標量（以上）,10154 ＜魚類＞ （さば類） まさば 生
k,カリウム,大根,230.0,mg,100,230.0,2600.0,8.8,3,,06132,確認済,2025年版・女性30-49・目標量（以上）,成分表八訂 （だいこん類） だいこん 根 皮つき 生／目安量は暫定
k,カリウム,白菜,220.0,mg,100,220.0,2600.0,8.5,3,,06233,確認済,2025年版・女性30-49・目標量（以上）,成分表八訂 はくさい 結球葉 生／目安量は暫定
k,カリウム,グレープフルーツ,140.0,mg,150,210.0,2600.0,8.1,3,,07062,確認済,2025年版・女性30-49・目標量（以上）,成分表八訂 （かんきつ類） グレープフルーツ 白肉種 砂じょう 生／目安量は暫定
k,カリウム,セロリ,410.0,mg,40,164.0,2600.0,6.3,3,,06119,確認済,2025年版・女性30-49・目標量（以上）,成分表八訂 セロリ 葉柄 生／目安量は暫定
k,カリウム,なす,220.0,mg,70,154.0,2600.0,5.9,3,,06191,確認済,2025年版・女性30-49・目標量（以上）,成分表八訂 （なす類） なす 果実 生／目安量は暫定
k,カリウム,ぶどう,130.0,mg,100,130.0,2600.0,5.0,3,,07116,確認済,2025年版・女性30-49・目標量（以上）,成分表八訂 ぶどう 皮なし 生／目安量は暫定
k,カリウム,りんご,120.0,mg,100,120.0,2600.0,4.6,3,,07148,確認済,2025年版・女性30-49・目標量（以上）,成分表八訂 りんご 皮なし 生／目安量は暫定
k,カリウム,玉ねぎ,150.0,mg,80,120.0,2600.0,4.6,3,,06153,確認済,2025年版・女性30-49・目標量（以上）,成分表八訂 （たまねぎ類） たまねぎ りん茎 生／目安量は暫定
k,カリウム,きゅうり,200.0,mg,50,100.0,2600.0,3.8,3,,06065,確認済,2025年版・女性30-49・目標量（以上）,成分表八訂 きゅうり 果実 生／目安量は暫定
k,カリウム,レタス,200.0,mg,40,80.0,2600.0,3.1,3,,06312,確認済,2025年版・女性30-49・目標量（以上）,成分表八訂 （レタス類） レタス 土耕栽培 結球葉 生／目安量は暫定
k,カリウム,めかぶ,88.0,mg,50,44.0,2600.0,1.7,3,,09047,確認済,2025年版・女性30-49・目標量（以上）,成分表八訂 わかめ めかぶわかめ 生／目安量は暫定
mg,マグネシウム,玄米,110.0,mg,150,165.0,290,56.9,1,,01080,確認済,2025年版・女性30-49・推奨量,01080 こめ ［水稲穀粒］ 玄米
mg,マグネシウム,大豆,220.0,mg,50,110.0,290,37.9,1,,04023,確認済,2025年版・女性30-49・推奨量,04023 だいず ［全粒・全粒製品］ 全粒 黄大豆 国産 乾
mg,マグネシウム,わかめ,1100.0,mg,10,110.0,290,37.9,1,,09040,確認済,2025年版・女性30-49・推奨量,09040 わかめ 乾燥わかめ 素干し
mg,マグネシウム,木綿豆腐,57.0,mg,150,85.5,290.0,29.5,2,,04032,確認済,2025年版・女性30-49・推奨量,成分表八訂 だいず ［豆腐・油揚げ類］ 木綿豆腐／目安量は暫定
mg,マグネシウム,アーモンド,310.0,mg,25,77.5,290,26.7,2,,05040,確認済,2025年版・女性30-49・推奨量,05040 アーモンド いり 無塩
mg,マグネシウム,絹ごし豆腐,50.0,mg,150,75.0,290.0,25.9,2,,04033,確認済,2025年版・女性30-49・推奨量,成分表八訂 だいず ［豆腐・油揚げ類］ 絹ごし豆腐／目安量は暫定
mg,マグネシウム,ひじき,640.0,mg,8,51.2,290,17.7,2,,09050,確認済,2025年版・女性30-49・推奨量,09050 ひじき ほしひじき ステンレス釜 乾
mg,マグネシウム,豆乳,25.0,mg,200,50.0,290.0,17.2,2,,04052,確認済,2025年版・女性30-49・推奨量,成分表八訂 だいず ［その他］ 豆乳 豆乳／目安量は暫定
mg,マグネシウム,ほうれん草,69.0,mg,70,48.3,290,16.7,2,,06267,確認済,2025年版・女性30-49・推奨量,06267 ほうれんそう 葉 通年平均 生
mg,マグネシウム,納豆,100.0,mg,45,45.0,290,15.5,2,,04046,確認済,2025年版・女性30-49・推奨量,04046 だいず ［納豆類］ 糸引き納豆
mg,マグネシウム,あさり,100.0,mg,40,40.0,290,13.8,2,,10281,確認済,2025年版・女性30-49・推奨量,10281 ＜貝類＞ あさり 生
mg,マグネシウム,オートミール,100.0,mg,40,40.0,290,13.8,2,,01004,確認済,2025年版・女性30-49・推奨量,01004 えんばく オートミール
mg,マグネシウム,牡蠣,65.0,mg,60,39.0,290,13.4,2,,10292,確認済,2025年版・女性30-49・推奨量,10292 ＜貝類＞ かき 養殖 生
mg,マグネシウム,カシューナッツ,240.0,mg,15,36.0,290.0,12.4,2,,05005,確認済,2025年版・女性30-49・推奨量,成分表八訂 カシューナッツ フライ 味付け／目安量は暫定
mg,マグネシウム,白米,23.0,mg,150,34.5,290,11.9,3,,01083,確認済,2025年版・女性30-49・推奨量,01083 こめ ［水稲穀粒］ 精白米 うるち米
mg,マグネシウム,かつお,42.0,mg,80,33.6,290,11.6,3,,10086,確認済,2025年版・女性30-49・推奨量,10086 ＜魚類＞ （かつお類） かつお 春獲り 生
mg,マグネシウム,ごぼう,54.0,mg,60,32.4,290,11.2,3,,06084,確認済,2025年版・女性30-49・推奨量,06084 ごぼう 根 生
mg,マグネシウム,バナナ,32.0,mg,100,32.0,290,11.0,3,,07107,確認済,2025年版・女性30-49・推奨量,07107 バナナ 生
mg,マグネシウム,枝豆,62.0,mg,50,31.0,290,10.7,3,,06015,確認済,2025年版・女性30-49・推奨量,06015 えだまめ 生
mg,マグネシウム,めかぶ,61.0,mg,50,30.5,290.0,10.5,3,,09047,確認済,2025年版・女性30-49・推奨量,成分表八訂 わかめ めかぶわかめ 生／目安量は暫定
mg,マグネシウム,まぐろ,37.0,mg,80,29.6,290,10.2,3,,10252,確認済,2025年版・女性30-49・推奨量,10252 ＜魚類＞ （まぐろ類） きはだ 生
mg,マグネシウム,昆布,530.0,mg,5,26.5,290.0,9.1,3,,09017,確認済,2025年版・女性30-49・推奨量,成分表八訂 （こんぶ類） まこんぶ 素干し 乾／目安量は暫定
mg,マグネシウム,きなこ,260.0,mg,10,26.0,290.0,9.0,3,,04029,確認済,2025年版・女性30-49・推奨量,成分表八訂 だいず ［全粒・全粒製品］ きな粉 黄大豆 全粒大豆／目安量は暫定
mg,マグネシウム,くるみ,150.0,mg,15,22.5,290.0,7.8,3,,05014,確認済,2025年版・女性30-49・推奨量,成分表八訂 くるみ いり／目安量は暫定
mg,マグネシウム,もずく,12.0,mg,50,6.0,290.0,2.1,3,,09038,確認済,2025年版・女性30-49・推奨量,成分表八訂 （もずく類） もずく 塩蔵 塩抜き／目安量は暫定
na,塩分,梅干し,19.3,g,10,1.93,6.5,29.7,2,,07020,確認済,"2025年版・女性30-49・目標量（食塩相当量,未満）",07020 うめ 梅漬 塩漬
na,塩分,味噌,12.4,g,18,2.23,6.5,34,1,,17045,確認済,"2025年版・女性30-49・目標量（食塩相当量,未満）",味噌汁→味噌にリネーム・日本食品標準成分表（八訂）増補2023年照合（品番17045）
na,塩分,わかめ,16.8,g,10,1.68,6.5,25.8,2,,09040,確認済,"2025年版・女性30-49・目標量（食塩相当量,未満）",09040 わかめ 乾燥わかめ 素干し
na,塩分,ソース,8.5,g,15,1.27,6.5,19.6,2,,17001,確認済,"2025年版・女性30-49・目標量（食塩相当量,未満）",成分表八訂 ＜調味料類＞ （ウスターソース類） ウスターソース／目安量は暫定
na,塩分,あさり,2.2,g,40,0.88,6.5,13.5,2,,10281,確認済,"2025年版・女性30-49・目標量（食塩相当量,未満）",10281 ＜貝類＞ あさり 生
na,塩分,醤油,14.5,g,6,0.87,6.5,13,2,,17007,確認済,"2025年版・女性30-49・目標量（食塩相当量,未満）",日本食品標準成分表（八訂）増補2023年照合・実線化（品番17007）
na,塩分,ソーセージ,1.8,g,40,0.72,6.5,11.1,3,,11306,確認済,"2025年版・女性30-49・目標量（食塩相当量,未満）",成分表八訂 ＜畜肉類＞ ぶた ［ソーセージ類］ ウインナーソーセージ ゆで／目安量は暫定
na,塩分,牡蠣,1.2,g,60,0.72,6.5,11.1,3,,10292,確認済,"2025年版・女性30-49・目標量（食塩相当量,未満）",10292 ＜貝類＞ かき 養殖 生
na,塩分,パン,1.2,g,60,0.72,6.5,11,3,,01026,確認済,"2025年版・女性30-49・目標量（食塩相当量,未満）",日本食品標準成分表（八訂）増補2023年照合・実線化（品番01026）
na,塩分,ドレッシング,3.5,g,15,0.53,6.5,8.1,3,,17116,確認済,"2025年版・女性30-49・目標量（食塩相当量,未満）",成分表八訂 ＜調味料類＞ （ドレッシング類） 分離液状ドレッシング 和風ドレッシング 分離液状／目安量は暫定
na,塩分,ハム,2.3,g,20,0.46,6.5,7,3,,11176,確認済,"2025年版・女性30-49・目標量（食塩相当量,未満）",日本食品標準成分表（八訂）増補2023年照合・実線化（品番11176）・救済で塩分のみ
na,塩分,ケチャップ,3.1,g,15,0.47,6.5,7.2,3,,17036,確認済,"2025年版・女性30-49・目標量（食塩相当量,未満）",成分表八訂 ＜調味料類＞ （トマト加工品類） トマトケチャップ／目安量は暫定
niacin,ナイアシン,かつお,24.0,mgNE,80,19.2,12,160.0,1,,10086,確認済,2025年版・女性30-49・推奨量,10086 ＜魚類＞ （かつお類） かつお 春獲り 生
niacin,ナイアシン,まぐろ,22.0,mgNE,80,17.6,12,146.7,1,,10252,確認済,2025年版・女性30-49・推奨量,10252 ＜魚類＞ （まぐろ類） きはだ 生
niacin,ナイアシン,さば,16.0,mgNE,80,12.8,12,106.7,1,,10154,確認済,2025年版・女性30-49・推奨量,10154 ＜魚類＞ （さば類） まさば 生
niacin,ナイアシン,玄米,8.0,mgNE,150,12.0,12,100.0,1,,01080,確認済,2025年版・女性30-49・推奨量,01080 こめ ［水稲穀粒］ 玄米
niacin,ナイアシン,鶏むね,15.0,mgNE,80,12.0,12,100.0,1,,11219,確認済,2025年版・女性30-49・推奨量,11219 ＜鳥肉類＞ にわとり ［若どり・主品目］ むね 皮つき 生
niacin,ナイアシン,ぶり,14.0,mgNE,80,11.2,12.0,93.3,1,,10241,確認済,2025年版・女性30-49・推奨量,成分表八訂 ＜魚類＞ ぶり 成魚 生／目安量は暫定
niacin,ナイアシン,ささみ,17.0,mgNE,60,10.2,12,85.0,1,,11227,確認済,2025年版・女性30-49・推奨量,11227 ＜鳥肉類＞ にわとり ［若どり・副品目］ ささみ 生
niacin,ナイアシン,ツナ缶,13.0,mgNE,70,9.1,12.0,75.8,1,,10260,確認済,2025年版・女性30-49・推奨量,成分表八訂 ＜魚類＞ （まぐろ類） 缶詰 水煮 フレーク ライト／目安量は暫定
niacin,ナイアシン,いわし,11.0,mgNE,80,8.8,12.0,73.3,1,,10047,確認済,2025年版・女性30-49・推奨量,成分表八訂 ＜魚類＞ （いわし類） まいわし 生／目安量は暫定
niacin,ナイアシン,豚ロース,11.0,mgNE,80,8.8,12,73.3,1,,11123,確認済,2025年版・女性30-49・推奨量,11123 ＜畜肉類＞ ぶた ［大型種肉］ ロース 脂身つき 生
niacin,ナイアシン,さんま,11.0,mgNE,80,8.8,12,73.3,1,,10173,確認済,2025年版・女性30-49・推奨量,10173 ＜魚類＞ さんま 皮つき 生
niacin,ナイアシン,鮭,11.0,mgNE,80,8.8,12,73.3,1,,10134,確認済,2025年版・女性30-49・推奨量,10134 ＜魚類＞ （さけ・ます類） しろさけ 生
niacin,ナイアシン,豚もも,10.0,mgNE,80,8.0,12,66.7,1,,11130,確認済,2025年版・女性30-49・推奨量,11130 ＜畜肉類＞ ぶた ［大型種肉］ もも 脂身つき 生
niacin,ナイアシン,豚ひき肉,8.9,mgNE,80,7.12,12,59.3,1,,11163,確認済,2025年版・女性30-49・推奨量,11163 ＜畜肉類＞ ぶた ［ひき肉］ 生
niacin,ナイアシン,豚レバー,19.0,mgNE,50,9.5,12,79,1,,11166,確認済,2025年版・女性30-49・推奨量,豚レバーに統一（増補2023照合）
niacin,ナイアシン,鶏もも,8.5,mgNE,80,6.8,12,56.7,1,,11221,確認済,2025年版・女性30-49・推奨量,11221 ＜鳥肉類＞ にわとり ［若どり・主品目］ もも 皮つき 生
niacin,ナイアシン,豚ばら,7.3,mgNE,80,5.84,12,48.7,1,,11129,確認済,2025年版・女性30-49・推奨量,11129 ＜畜肉類＞ ぶた ［大型種肉］ ばら 脂身つき 生
niacin,ナイアシン,大豆,10.0,mgNE,50,5.0,12,41.7,1,,04023,確認済,2025年版・女性30-49・推奨量,04023 だいず ［全粒・全粒製品］ 全粒 黄大豆 国産 乾
niacin,ナイアシン,うなぎ,5.3,mgNE,80,4.24,12,35.3,1,,10067,確認済,2025年版・女性30-49・推奨量,10067 ＜魚類＞ うなぎ 養殖 生
niacin,ナイアシン,ピーナッツ,28.0,mgNE,15,4.2,12.0,35.0,1,,05035,確認済,2025年版・女性30-49・推奨量,成分表八訂 らっかせい 大粒種 いり／目安量は暫定
niacin,ナイアシン,白米,2.6,mgNE,150,3.9,12,32.5,1,,01083,確認済,2025年版・女性30-49・推奨量,01083 こめ ［水稲穀粒］ 精白米 うるち米
niacin,ナイアシン,えのき,7.4,mgNE,50,3.7,12.0,30.8,1,,08001,確認済,2025年版・女性30-49・推奨量,成分表八訂 えのきたけ 生／目安量は暫定
niacin,ナイアシン,しめじ,6.4,mgNE,50,3.2,12.0,26.7,2,,08016,確認済,2025年版・女性30-49・推奨量,成分表八訂 （しめじ類） ぶなしめじ 生／目安量は暫定
niacin,ナイアシン,納豆,5.2,mgNE,45,2.34,12,19.5,2,,04046,確認済,2025年版・女性30-49・推奨量,04046 だいず ［納豆類］ 糸引き納豆
niacin,ナイアシン,枝豆,4.2,mgNE,50,2.1,12,17.5,2,,06015,確認済,2025年版・女性30-49・推奨量,06015 えだまめ 生
niacin,ナイアシン,アーモンド,7.5,mgNE,25,1.88,12,15.7,2,,05040,確認済,2025年版・女性30-49・推奨量,05040 アーモンド いり 無塩
niacin,ナイアシン,オートミール,4.5,mgNE,40,1.8,12,15.0,2,,01004,確認済,2025年版・女性30-49・推奨量,01004 えんばく オートミール
niacin,ナイアシン,じゃがいも,1.8,mgNE,100,1.8,12,15.0,2,,02017,確認済,2025年版・女性30-49・推奨量,02017 ＜いも類＞ じゃがいも 塊茎 皮なし 生
niacin,ナイアシン,牛乳,0.9,mgNE,200,1.8,12,15.0,2,,13003,確認済,2025年版・女性30-49・推奨量,13003 ＜牛乳及び乳製品＞ （液状乳類） 普通牛乳
niacin,ナイアシン,アボカド,2.3,mgNE,70,1.61,12,13.4,2,,07006,確認済,2025年版・女性30-49・推奨量,07006 アボカド 生
niacin,ナイアシン,卵,3.2,mgNE,50,1.6,12,13.3,2,,12004,確認済,2025年版・女性30-49・推奨量,12004 鶏卵 全卵 生
niacin,ナイアシン,牡蠣,2.6,mgNE,60,1.56,12,13.0,2,,10292,確認済,2025年版・女性30-49・推奨量,10292 ＜貝類＞ かき 養殖 生
niacin,ナイアシン,わかめ,14.0,mgNE,10,1.4,12,11.7,3,,09040,確認済,2025年版・女性30-49・推奨量,09040 わかめ 乾燥わかめ 素干し
niacin,ナイアシン,ブロッコリー,2.0,mgNE,60,1.2,12,10.0,3,,06263,確認済,2025年版・女性30-49・推奨量,06263 ブロッコリー 花序 生
p,リン,玄米,290.0,mg,150,435.0,800,54.4,1,,01080,確認済,2025年版・女性30-49・目安量,01080 こめ ［水稲穀粒］ 玄米
p,リン,大豆,490.0,mg,50,245.0,800,30.6,1,,04023,確認済,2025年版・女性30-49・目安量,04023 だいず ［全粒・全粒製品］ 全粒 黄大豆 国産 乾
p,リン,まぐろ,290.0,mg,80,232.0,800,29.0,2,,10252,確認済,2025年版・女性30-49・目安量,10252 ＜魚類＞ （まぐろ類） きはだ 生
p,リン,かつお,280.0,mg,80,224.0,800,28.0,2,,10086,確認済,2025年版・女性30-49・目安量,10086 ＜魚類＞ （かつお類） かつお 春獲り 生
p,リン,うなぎ,260.0,mg,80,208.0,800,26.0,2,,10067,確認済,2025年版・女性30-49・目安量,10067 ＜魚類＞ うなぎ 養殖 生
p,リン,鮭,240.0,mg,80,192.0,800,24.0,2,,10134,確認済,2025年版・女性30-49・目安量,10134 ＜魚類＞ （さけ・ます類） しろさけ 生
p,リン,牛乳,93.0,mg,200,186.0,800,23.2,2,,13003,確認済,2025年版・女性30-49・目安量,13003 ＜牛乳及び乳製品＞ （液状乳類） 普通牛乳
p,リン,さば,220.0,mg,80,176.0,800,22.0,2,,10154,確認済,2025年版・女性30-49・目安量,10154 ＜魚類＞ （さば類） まさば 生
p,リン,鶏むね,200.0,mg,80,160.0,800,20.0,2,,11219,確認済,2025年版・女性30-49・目安量,11219 ＜鳥肉類＞ にわとり ［若どり・主品目］ むね 皮つき 生
p,リン,豚もも,200.0,mg,80,160.0,800,20.0,2,,11130,確認済,2025年版・女性30-49・目安量,11130 ＜畜肉類＞ ぶた ［大型種肉］ もも 脂身つき 生
p,リン,オートミール,370.0,mg,40,148.0,800,18.5,2,,01004,確認済,2025年版・女性30-49・目安量,01004 えんばく オートミール
p,リン,チーズ,730,mg,20,146.0,800,18,2,,13040,確認済,2025年版・女性30-49・目安量,日本食品標準成分表（八訂）増補2023年照合・実線化（品番13040）
p,リン,豚ロース,180.0,mg,80,144.0,800,18.0,2,,11123,確認済,2025年版・女性30-49・目安量,11123 ＜畜肉類＞ ぶた ［大型種肉］ ロース 脂身つき 生
p,リン,さんま,180.0,mg,80,144.0,800,18.0,2,,10173,確認済,2025年版・女性30-49・目安量,10173 ＜魚類＞ さんま 皮つき 生
p,リン,ささみ,240.0,mg,60,144.0,800,18.0,2,,11227,確認済,2025年版・女性30-49・目安量,11227 ＜鳥肉類＞ にわとり ［若どり・副品目］ ささみ 生
p,リン,白米,95.0,mg,150,142.5,800,17.8,2,,01083,確認済,2025年版・女性30-49・目安量,01083 こめ ［水稲穀粒］ 精白米 うるち米
p,リン,鶏もも,170.0,mg,80,136.0,800,17.0,2,,11221,確認済,2025年版・女性30-49・目安量,11221 ＜鳥肉類＞ にわとり ［若どり・主品目］ もも 皮つき 生
p,リン,アーモンド,480.0,mg,25,120.0,800,15.0,2,,05040,確認済,2025年版・女性30-49・目安量,05040 アーモンド いり 無塩
p,リン,豚ばら,130.0,mg,80,104.0,800,13.0,2,,11129,確認済,2025年版・女性30-49・目安量,11129 ＜畜肉類＞ ぶた ［大型種肉］ ばら 脂身つき 生
p,リン,豚ひき肉,120.0,mg,80,96.0,800,12.0,2,,11163,確認済,2025年版・女性30-49・目安量,11163 ＜畜肉類＞ ぶた ［ひき肉］ 生
p,リン,納豆,190.0,mg,45,85.5,800,10.7,3,,04046,確認済,2025年版・女性30-49・目安量,04046 だいず ［納豆類］ 糸引き納豆
p,リン,卵,170.0,mg,50,85.0,800,10.6,3,,12004,確認済,2025年版・女性30-49・目安量,12004 鶏卵 全卵 生
p,リン,枝豆,170.0,mg,50,85.0,800,10.6,3,,06015,確認済,2025年版・女性30-49・目安量,06015 えだまめ 生
panto,パントテン酸,豚レバー,7.3,mg,50,3.65,5,73,1,,11166,確認済,2025年版・女性30-49・目安量,豚レバーに統一（増補2023照合）
panto,パントテン酸,玄米,1.37,mg,150,2.06,5,41.2,1,,01080,確認済,2025年版・女性30-49・目安量,01080 こめ ［水稲穀粒］ 玄米
panto,パントテン酸,うなぎ,2.17,mg,80,1.74,5,34.8,1,,10067,確認済,2025年版・女性30-49・目安量,10067 ＜魚類＞ うなぎ 養殖 生
panto,パントテン酸,納豆,3.6,mg,45,1.62,5,32.4,1,,04046,確認済,2025年版・女性30-49・目安量,04046 だいず ［納豆類］ 糸引き納豆
panto,パントテン酸,鶏むね,1.74,mg,80,1.39,5,27.8,2,,11219,確認済,2025年版・女性30-49・目安量,11219 ＜鳥肉類＞ にわとり ［若どり・主品目］ むね 皮つき 生
panto,パントテン酸,ささみ,2.07,mg,60,1.24,5,24.8,2,,11227,確認済,2025年版・女性30-49・目安量,11227 ＜鳥肉類＞ にわとり ［若どり・副品目］ ささみ 生
panto,パントテン酸,牛乳,0.55,mg,200,1.1,5,22.0,2,,13003,確認済,2025年版・女性30-49・目安量,13003 ＜牛乳及び乳製品＞ （液状乳類） 普通牛乳
panto,パントテン酸,アボカド,1.55,mg,70,1.08,5,21.6,2,,07006,確認済,2025年版・女性30-49・目安量,07006 アボカド 生
panto,パントテン酸,鮭,1.27,mg,80,1.02,5,20.4,2,,10134,確認済,2025年版・女性30-49・目安量,10134 ＜魚類＞ （さけ・ます類） しろさけ 生
panto,パントテン酸,白米,0.66,mg,150,0.99,5,19.8,2,,01083,確認済,2025年版・女性30-49・目安量,01083 こめ ［水稲穀粒］ 精白米 うるち米
panto,パントテン酸,豚ひき肉,1.22,mg,80,0.98,5,19.6,2,,11163,確認済,2025年版・女性30-49・目安量,11163 ＜畜肉類＞ ぶた ［ひき肉］ 生
panto,パントテン酸,さつまいも,0.9,mg,100,0.9,5,18.0,2,,02006,確認済,2025年版・女性30-49・目安量,02006 ＜いも類＞ （さつまいも類） さつまいも 塊根 皮なし 生
panto,パントテン酸,ブロッコリー,1.42,mg,60,0.85,5,17.0,2,,06263,確認済,2025年版・女性30-49・目安量,06263 ブロッコリー 花序 生
panto,パントテン酸,豚ロース,0.98,mg,80,0.78,5,15.6,2,,11123,確認済,2025年版・女性30-49・目安量,11123 ＜畜肉類＞ ぶた ［大型種肉］ ロース 脂身つき 生
panto,パントテン酸,大豆,1.36,mg,50,0.68,5,13.6,2,,04023,確認済,2025年版・女性30-49・目安量,04023 だいず ［全粒・全粒製品］ 全粒 黄大豆 国産 乾
panto,パントテン酸,豚もも,0.84,mg,80,0.67,5,13.4,2,,11130,確認済,2025年版・女性30-49・目安量,11130 ＜畜肉類＞ ぶた ［大型種肉］ もも 脂身つき 生
panto,パントテン酸,鶏もも,0.81,mg,80,0.65,5,13.0,2,,11221,確認済,2025年版・女性30-49・目安量,11221 ＜鳥肉類＞ にわとり ［若どり・主品目］ もも 皮つき 生
panto,パントテン酸,さんま,0.74,mg,80,0.59,5,11.8,3,,10173,確認済,2025年版・女性30-49・目安量,10173 ＜魚類＞ さんま 皮つき 生
panto,パントテン酸,卵,1.16,mg,50,0.58,5,11.6,3,,12004,確認済,2025年版・女性30-49・目安量,12004 鶏卵 全卵 生
panto,パントテン酸,かつお,0.7,mg,80,0.56,5,11.2,3,,10086,確認済,2025年版・女性30-49・目安量,10086 ＜魚類＞ （かつお類） かつお 春獲り 生
panto,パントテン酸,さば,0.66,mg,80,0.53,5,10.6,3,,10154,確認済,2025年版・女性30-49・目安量,10154 ＜魚類＞ （さば類） まさば 生
panto,パントテン酸,オートミール,1.29,mg,40,0.52,5,10.4,3,,01004,確認済,2025年版・女性30-49・目安量,01004 えんばく オートミール
panto,パントテン酸,豚ばら,0.64,mg,80,0.51,5,10.2,3,,11129,確認済,2025年版・女性30-49・目安量,11129 ＜畜肉類＞ ぶた ［大型種肉］ ばら 脂身つき 生
panto,パントテン酸,じゃがいも,0.5,mg,100,0.5,5,10.0,3,,02017,確認済,2025年版・女性30-49・目安量,02017 ＜いも類＞ じゃがいも 塊茎 皮なし 生
protein,たんぱく質,かつお,25.8,g,80,20.64,50,41.3,1,,10086,確認済,2025年版・女性30-49・推奨量,10086 ＜魚類＞ （かつお類） かつお 春獲り 生
protein,たんぱく質,牛もも,20.5,g,100,20.5,50.0,41.0,1,,11048,確認済,2025年版・女性30-49・推奨量,成分表八訂 ＜畜肉類＞ うし ［乳用肥育牛肉］ もも 皮下脂肪なし 生／目安量は暫定
protein,たんぱく質,まぐろ,24.3,g,80,19.44,50,38.9,1,,10252,確認済,2025年版・女性30-49・推奨量,10252 ＜魚類＞ （まぐろ類） きはだ 生
protein,たんぱく質,鮭,22.3,g,80,17.84,50,35.7,1,,10134,確認済,2025年版・女性30-49・推奨量,10134 ＜魚類＞ （さけ・ます類） しろさけ 生
protein,たんぱく質,ぶり,21.4,g,80,17.12,50.0,34.2,1,,10241,確認済,2025年版・女性30-49・推奨量,成分表八訂 ＜魚類＞ ぶり 成魚 生／目安量は暫定
protein,たんぱく質,鶏むね,21.3,g,80,17.04,50,34.1,1,,11219,確認済,2025年版・女性30-49・推奨量,11219 ＜鳥肉類＞ にわとり ［若どり・主品目］ むね 皮つき 生
protein,たんぱく質,大豆,33.8,g,50,16.9,50,33.8,1,,04023,確認済,2025年版・女性30-49・推奨量,04023 だいず ［全粒・全粒製品］ 全粒 黄大豆 国産 乾
protein,たんぱく質,さば,20.6,g,80,16.48,50,33.0,1,,10154,確認済,2025年版・女性30-49・推奨量,10154 ＜魚類＞ （さば類） まさば 生
protein,たんぱく質,豚もも,20.5,g,80,16.4,50,32.8,1,,11130,確認済,2025年版・女性30-49・推奨量,11130 ＜畜肉類＞ ぶた ［大型種肉］ もも 脂身つき 生
protein,たんぱく質,豚ロース,19.3,g,80,15.44,50,30.9,1,,11123,確認済,2025年版・女性30-49・推奨量,11123 ＜畜肉類＞ ぶた ［大型種肉］ ロース 脂身つき 生
protein,たんぱく質,いわし,19.2,g,80,15.36,50.0,30.7,1,,10047,確認済,2025年版・女性30-49・推奨量,成分表八訂 ＜魚類＞ （いわし類） まいわし 生／目安量は暫定
protein,たんぱく質,さんま,18.1,g,80,14.48,50,29.0,2,,10173,確認済,2025年版・女性30-49・推奨量,10173 ＜魚類＞ さんま 皮つき 生
protein,たんぱく質,ささみ,23.9,g,60,14.34,50,28.7,2,,11227,確認済,2025年版・女性30-49・推奨量,11227 ＜鳥肉類＞ にわとり ［若どり・副品目］ ささみ 生
protein,たんぱく質,いか,17.9,g,80,14.32,50.0,28.6,2,,10345,確認済,2025年版・女性30-49・推奨量,成分表八訂 ＜いか・たこ類＞ （いか類） するめいか 生／目安量は暫定
protein,たんぱく質,豚ひき肉,17.7,g,80,14.16,50,28.3,2,,11163,確認済,2025年版・女性30-49・推奨量,11163 ＜畜肉類＞ ぶた ［ひき肉］ 生
protein,たんぱく質,たら,17.6,g,80,14.08,50.0,28.2,2,,10205,確認済,2025年版・女性30-49・推奨量,成分表八訂 ＜魚類＞ （たら類） まだら 生／目安量は暫定
protein,たんぱく質,うなぎ,17.1,g,80,13.68,50,27.4,2,,10067,確認済,2025年版・女性30-49・推奨量,10067 ＜魚類＞ うなぎ 養殖 生
protein,たんぱく質,鶏もも,16.6,g,80,13.28,50,26.6,2,,11221,確認済,2025年版・女性30-49・推奨量,11221 ＜鳥肉類＞ にわとり ［若どり・主品目］ もも 皮つき 生
protein,たんぱく質,えび,19.6,g,60,11.76,50.0,23.5,2,,10415,確認済,2025年版・女性30-49・推奨量,成分表八訂 ＜えび・かに類＞ （えび類） バナメイえび 養殖 生／目安量は暫定
protein,たんぱく質,豚ばら,14.4,g,80,11.52,50,23.0,2,,11129,確認済,2025年版・女性30-49・推奨量,11129 ＜畜肉類＞ ぶた ［大型種肉］ ばら 脂身つき 生
protein,たんぱく質,ツナ缶,16.0,g,70,11.2,50.0,22.4,2,,10260,確認済,2025年版・女性30-49・推奨量,成分表八訂 ＜魚類＞ （まぐろ類） 缶詰 水煮 フレーク ライト／目安量は暫定
protein,たんぱく質,厚揚げ,10.7,g,100,10.7,50.0,21.4,2,,04039,確認済,2025年版・女性30-49・推奨量,成分表八訂 だいず ［豆腐・油揚げ類］ 生揚げ／目安量は暫定
protein,たんぱく質,木綿豆腐,7.0,g,150,10.5,50.0,21.0,2,,04032,確認済,2025年版・女性30-49・推奨量,成分表八訂 だいず ［豆腐・油揚げ類］ 木綿豆腐／目安量は暫定
fat,脂質,木綿豆腐,4.9,g,150,7.35,57,12.9,2,,04032,確認済,2025年版・女性30-49・目標量25%E×2050kcal÷9で換算,増補2023照合・取りこぼし追加
protein,たんぱく質,玄米,6.8,g,150,10.2,50,20.4,2,,01080,確認済,2025年版・女性30-49・推奨量,01080 こめ ［水稲穀粒］ 玄米
protein,たんぱく質,たこ,16.4,g,60,9.84,50.0,19.7,2,,10361,確認済,2025年版・女性30-49・推奨量,成分表八訂 ＜いか・たこ類＞ （たこ類） まだこ 生／目安量は暫定
protein,たんぱく質,白米,6.1,g,150,9.15,50,18.3,2,,01083,確認済,2025年版・女性30-49・推奨量,01083 こめ ［水稲穀粒］ 精白米 うるち米
protein,たんぱく質,ほたて,13.5,g,60,8.1,50.0,16.2,2,,10311,確認済,2025年版・女性30-49・推奨量,成分表八訂 ＜貝類＞ ほたてがい 生／目安量は暫定
protein,たんぱく質,絹ごし豆腐,5.3,g,150,7.95,50.0,15.9,2,,04033,確認済,2025年版・女性30-49・推奨量,成分表八訂 だいず ［豆腐・油揚げ類］ 絹ごし豆腐／目安量は暫定
protein,たんぱく質,低脂肪乳,3.8,g,200,7.6,50.0,15.2,2,,13005,確認済,2025年版・女性30-49・推奨量,成分表八訂 ＜牛乳及び乳製品＞ （液状乳類） 加工乳 低脂肪／目安量は暫定
protein,たんぱく質,納豆,16.5,g,45,7.42,50,14.8,2,,04046,確認済,2025年版・女性30-49・推奨量,04046 だいず ［納豆類］ 糸引き納豆
protein,たんぱく質,豆乳,3.6,g,200,7.2,50.0,14.4,2,,04052,確認済,2025年版・女性30-49・推奨量,成分表八訂 だいず ［その他］ 豆乳 豆乳／目安量は暫定
protein,たんぱく質,油揚げ,23.4,g,30,7.02,50.0,14.0,2,,04040,確認済,2025年版・女性30-49・推奨量,成分表八訂 だいず ［豆腐・油揚げ類］ 油揚げ 生／目安量は暫定
protein,たんぱく質,スキムミルク,34.0,g,20,6.8,50.0,13.6,2,,13010,確認済,2025年版・女性30-49・推奨量,成分表八訂 ＜牛乳及び乳製品＞ （粉乳類） 脱脂粉乳／目安量は暫定
protein,たんぱく質,牛乳,3.3,g,200,6.6,50,13.2,2,,13003,確認済,2025年版・女性30-49・推奨量,13003 ＜牛乳及び乳製品＞ （液状乳類） 普通牛乳
protein,たんぱく質,卵,12.2,g,50,6.1,50,12.2,2,,12004,確認済,2025年版・女性30-49・推奨量,12004 鶏卵 全卵 生
protein,たんぱく質,枝豆,11.7,g,50,5.85,50,11.7,3,,06015,確認済,2025年版・女性30-49・推奨量,06015 えだまめ 生
protein,たんぱく質,レンズ豆,11.2,g,50,5.6,50.0,11.2,3,,04094,確認済,2025年版・女性30-49・推奨量,成分表八訂 レンズまめ 全粒 ゆで／目安量は暫定
protein,たんぱく質,オートミール,13.7,g,40,5.48,50,11.0,3,,01004,確認済,2025年版・女性30-49・推奨量,01004 えんばく オートミール
protein,たんぱく質,アーモンド,20.3,g,25,5.08,50,10.2,3,,05040,確認済,2025年版・女性30-49・推奨量,05040 アーモンド いり 無塩
protein,たんぱく質,ソーセージ,12.1,g,40,4.84,50.0,9.7,3,,11306,確認済,2025年版・女性30-49・推奨量,成分表八訂 ＜畜肉類＞ ぶた ［ソーセージ類］ ウインナーソーセージ ゆで／目安量は暫定
protein,たんぱく質,ひよこ豆,9.5,g,50,4.75,50.0,9.5,3,,04066,確認済,2025年版・女性30-49・推奨量,成分表八訂 ひよこまめ 全粒 ゆで／目安量は暫定
protein,たんぱく質,きなこ,36.7,g,10,3.67,50.0,7.3,3,,04029,確認済,2025年版・女性30-49・推奨量,成分表八訂 だいず ［全粒・全粒製品］ きな粉 黄大豆 全粒大豆／目安量は暫定
protein,たんぱく質,ヨーグルト,3.6,g,100,3.6,50.0,7.2,3,,13025,確認済,2025年版・女性30-49・推奨量,成分表八訂 ＜牛乳及び乳製品＞ （発酵乳・乳酸菌飲料） ヨーグルト 全脂無糖／目安量は暫定
se,セレン,まぐろ,74.0,µg,80,59.2,25,236.8,1,,10252,確認済,2025年版・女性30-49・推奨量,10252 ＜魚類＞ （まぐろ類） きはだ 生
se,セレン,さば,70.0,µg,80,56.0,25,224.0,1,,10154,確認済,2025年版・女性30-49・推奨量,10154 ＜魚類＞ （さば類） まさば 生
se,セレン,うなぎ,50.0,µg,80,40.0,25,160.0,1,,10067,確認済,2025年版・女性30-49・推奨量,10067 ＜魚類＞ うなぎ 養殖 生
se,セレン,いわし,48.0,µg,80,38.4,25.0,153.6,1,,10047,確認済,2025年版・女性30-49・推奨量,成分表八訂 ＜魚類＞ （いわし類） まいわし 生／目安量は暫定
se,セレン,かつお,43.0,µg,80,34.4,25,137.6,1,,10086,確認済,2025年版・女性30-49・推奨量,10086 ＜魚類＞ （かつお類） かつお 春獲り 生
se,セレン,いか,41.0,µg,80,32.8,25.0,131.2,1,,10345,確認済,2025年版・女性30-49・推奨量,成分表八訂 ＜いか・たこ類＞ （いか類） するめいか 生／目安量は暫定
se,セレン,牡蠣,46.0,µg,60,27.6,25,110.4,1,,10292,確認済,2025年版・女性30-49・推奨量,10292 ＜貝類＞ かき 養殖 生
se,セレン,さんま,32.0,µg,80,25.6,25,102.4,1,,10173,確認済,2025年版・女性30-49・推奨量,10173 ＜魚類＞ さんま 皮つき 生
se,セレン,鮭,31.0,µg,80,24.8,25,99.2,1,,10134,確認済,2025年版・女性30-49・推奨量,10134 ＜魚類＞ （さけ・ます類） しろさけ 生
se,セレン,豚ロース,21.0,µg,80,16.8,25,67.2,1,,11123,確認済,2025年版・女性30-49・推奨量,11123 ＜畜肉類＞ ぶた ［大型種肉］ ロース 脂身つき 生
se,セレン,豚ひき肉,19.0,µg,80,15.2,25,60.8,1,,11163,確認済,2025年版・女性30-49・推奨量,11163 ＜畜肉類＞ ぶた ［ひき肉］ 生
se,セレン,あさり,38.0,µg,40,15.2,25,60.8,1,,10281,確認済,2025年版・女性30-49・推奨量,10281 ＜貝類＞ あさり 生
se,セレン,鶏むね,17.0,µg,80,13.6,25,54.4,1,,11219,確認済,2025年版・女性30-49・推奨量,11219 ＜鳥肉類＞ にわとり ［若どり・主品目］ むね 皮つき 生
se,セレン,鶏もも,17.0,µg,80,13.6,25,54.4,1,,11221,確認済,2025年版・女性30-49・推奨量,11221 ＜鳥肉類＞ にわとり ［若どり・主品目］ もも 皮つき 生
se,セレン,ささみ,22.0,µg,60,13.2,25,52.8,1,,11227,確認済,2025年版・女性30-49・推奨量,11227 ＜鳥肉類＞ にわとり ［若どり・副品目］ ささみ 生
se,セレン,卵,24.0,µg,50,12.0,25,48.0,1,,12004,確認済,2025年版・女性30-49・推奨量,12004 鶏卵 全卵 生
se,セレン,豚ばら,13.0,µg,80,10.4,25,41.6,1,,11129,確認済,2025年版・女性30-49・推奨量,11129 ＜畜肉類＞ ぶた ［大型種肉］ ばら 脂身つき 生
se,セレン,オートミール,18.0,µg,40,7.2,25,28.8,2,,01004,確認済,2025年版・女性30-49・推奨量,01004 えんばく オートミール
se,セレン,納豆,16.0,µg,45,7.2,25,28.8,2,,04046,確認済,2025年版・女性30-49・推奨量,04046 だいず ［納豆類］ 糸引き納豆
se,セレン,しらす干し,61.0,µg,10,6.1,25,24.4,2,,10055,確認済,2025年版・女性30-49・推奨量,10055 ＜魚類＞ （いわし類） しらす干し 微乾燥品
se,セレン,牛乳,3.0,µg,200,6.0,25,24.0,2,,13003,確認済,2025年版・女性30-49・推奨量,13003 ＜牛乳及び乳製品＞ （液状乳類） 普通牛乳
se,セレン,玄米,3.0,µg,150,4.5,25,18.0,2,,01080,確認済,2025年版・女性30-49・推奨量,01080 こめ ［水稲穀粒］ 玄米
se,セレン,白米,2.0,µg,150,3.0,25,12.0,2,,01083,確認済,2025年版・女性30-49・推奨量,01083 こめ ［水稲穀粒］ 精白米 うるち米
se,セレン,ベーコン,15.0,µg,20,3.0,25,12.0,2,,11183,確認済,2025年版・女性30-49・推奨量,11183 ＜畜肉類＞ ぶた ［ベーコン類］ ばらベーコン
se,セレン,大豆,5.0,µg,50,2.5,25,10.0,3,,04023,確認済,2025年版・女性30-49・推奨量,04023 だいず ［全粒・全粒製品］ 全粒 黄大豆 国産 乾
sugar,糖質,白米,75.6,g,150,113.4,250.0,45.4,1,,01083,確認済,2025年版・女性30-49・炭水化物目標量50%E×2050kcal÷4で換算,01083 こめ ［水稲穀粒］ 精白米 うるち米
sugar,糖質,玄米,71.3,g,150,106.95,250.0,42.8,1,,01080,確認済,2025年版・女性30-49・炭水化物目標量50%E×2050kcal÷4で換算,01080 こめ ［水稲穀粒］ 玄米
sugar,糖質,そうめん,65.1,g,70,45.57,250.0,18.2,2,,01043,確認済,2025年版・女性30-49・炭水化物目標量50%E×2050kcal÷4で換算,成分表八訂 こむぎ ［うどん・そうめん類］ そうめん・ひやむぎ 乾／目安量は暫定
sugar,糖質,シリアル,82.2,g,40,32.88,250.0,13.2,2,,01137,確認済,2025年版・女性30-49・炭水化物目標量50%E×2050kcal÷4で換算,成分表八訂 とうもろこし コーンフレーク／目安量は暫定
sugar,糖質,さつまいも,28.3,g,100,28.3,250.0,11.3,3,,02006,確認済,2025年版・女性30-49・炭水化物目標量50%E×2050kcal÷4で換算,02006 ＜いも類＞ （さつまいも類） さつまいも 塊根 皮なし 生
sugar,糖質,パン,44.1,g,60,26.46,249.06,11,3,,01026,確認済,2025年版・女性30-49・炭水化物目標量50%E×2050kcal÷4で換算,日本食品標準成分表（八訂）増補2023年照合・実線化（品番01026）
sugar,糖質,もち,45.5,g,50,22.75,250.0,9.1,3,,01117,確認済,2025年版・女性30-49・炭水化物目標量50%E×2050kcal÷4で換算,成分表八訂 こめ ［もち米製品］ もち／目安量は暫定
sugar,糖質,清涼飲料,11.4,g,200,22.8,250.0,9,3,,16053,確認済,2025年版・女性30-49・炭水化物目標量50%E×2050kcal÷4で換算,実線化・日本食品標準成分表（八訂）増補2023年照合（品番16053 コーラ）・救済で糖質のみ
sugar,糖質,はちみつ,75.2,g,21,15.79,250.0,6.3,3,,03022,確認済,2025年版・女性30-49・炭水化物目標量50%E×2050kcal÷4で換算,成分表八訂 （その他） はちみつ／目安量は暫定
sugar,糖質,砂糖,99.3,g,6,5.96,250.0,2.4,3,,03003,確認済,2025年版・女性30-49・炭水化物目標量50%E×2050kcal÷4で換算,成分表八訂 （砂糖類） 車糖 上白糖／目安量は暫定
sugar,糖質,ケチャップ,24.0,g,15,3.6,250.0,1.4,3,,17036,確認済,2025年版・女性30-49・炭水化物目標量50%E×2050kcal÷4で換算,成分表八訂 ＜調味料類＞ （トマト加工品類） トマトケチャップ／目安量は暫定
sugar,糖質,ソース,23.8,g,15,3.57,250.0,1.4,3,,17001,確認済,2025年版・女性30-49・炭水化物目標量50%E×2050kcal÷4で換算,成分表八訂 ＜調味料類＞ （ウスターソース類） ウスターソース／目安量は暫定
sugar,糖質,みりん,26.6,g,6,1.6,250.0,0.6,3,,16025,確認済,2025年版・女性30-49・炭水化物目標量50%E×2050kcal÷4で換算,成分表八訂 ＜アルコール飲料類＞ （混成酒類） みりん 本みりん／目安量は暫定
va,ビタミンA,豚レバー,13000,µgRAE,50,6500.0,700,929,1,,11166,確認済,2025年版・女性30-49・推奨量,豚レバーに統一（増補2023照合）
va,ビタミンA,うなぎ,2400.0,µgRAE,80,1920.0,700,274.3,1,,10067,確認済,2025年版・女性30-49・推奨量,10067 ＜魚類＞ うなぎ 養殖 生
va,ビタミンA,モロヘイヤ,840.0,µgRAE,60,504.0,700.0,72.0,1,,06293,確認済,2025年版・女性30-49・推奨量,成分表八訂 モロヘイヤ 茎葉 生／目安量は暫定
va,ビタミンA,にんじん,690.0,µgRAE,60,414.0,700,59.1,1,,06214,確認済,2025年版・女性30-49・推奨量,06214 （にんじん類） にんじん 根 皮なし 生
va,ビタミンA,ほうれん草,350.0,µgRAE,70,245.0,700,35.0,1,,06267,確認済,2025年版・女性30-49・推奨量,06267 ほうれんそう 葉 通年平均 生
va,ビタミンA,小松菜,260.0,µgRAE,70,182.0,700,26.0,2,,06086,確認済,2025年版・女性30-49・推奨量,06086 こまつな 葉 生
va,ビタミンA,卵,210.0,µgRAE,50,105.0,700,15.0,2,,12004,確認済,2025年版・女性30-49・推奨量,12004 鶏卵 全卵 生
va,ビタミンA,牛乳,38.0,µgRAE,200,76.0,700,10.9,3,,13003,確認済,2025年版・女性30-49・推奨量,13003 ＜牛乳及び乳製品＞ （液状乳類） 普通牛乳
va,ビタミンA,のり,2300.0,µgRAE,3,69.0,700.0,9.9,3,,09004,確認済,2025年版・女性30-49・推奨量,成分表八訂 あまのり 焼きのり／目安量は暫定
va,ビタミンA,トマト,45.0,µgRAE,150,67.5,700.0,9.6,3,,06182,確認済,2025年版・女性30-49・推奨量,成分表八訂 （トマト類） 赤色トマト 果実 生／目安量は暫定
va,ビタミンA,柿,35.0,µgRAE,150,52.5,700.0,7.5,3,,07049,確認済,2025年版・女性30-49・推奨量,成分表八訂 かき 甘がき 生／目安量は暫定
va,ビタミンA,ピーマン,33.0,µgRAE,30,9.9,700.0,1.4,3,,06245,確認済,2025年版・女性30-49・推奨量,成分表八訂 （ピーマン類） 青ピーマン 果実 生／目安量は暫定
vc,ビタミンC,柿,70.0,mg,150,105.0,100.0,105.0,1,,07049,確認済,2025年版・女性30-49・推奨量,成分表八訂 かき 甘がき 生／目安量は暫定
vc,ビタミンC,赤ピーマン,170.0,mg,50,85.0,100,85.0,1,,06247,確認済,2025年版・女性30-49・推奨量,06247 （ピーマン類） 赤ピーマン 果実 生
vc,ビタミンC,ブロッコリー,140.0,mg,60,84.0,100,84.0,1,,06263,確認済,2025年版・女性30-49・推奨量,06263 ブロッコリー 花序 生
vc,ビタミンC,オレンジ,60.0,mg,130,78.0,100.0,78.0,1,,07040,確認済,2025年版・女性30-49・推奨量,成分表八訂 （かんきつ類） オレンジ ネーブル 砂じょう 生／目安量は暫定
vc,ビタミンC,キウイ,71.0,mg,100,71.0,100,71.0,1,,07054,確認済,2025年版・女性30-49・推奨量,07054 キウイフルーツ 緑肉種 生
vc,ビタミンC,グレープフルーツ,36.0,mg,150,54.0,100.0,54.0,1,,07062,確認済,2025年版・女性30-49・推奨量,成分表八訂 （かんきつ類） グレープフルーツ 白肉種 砂じょう 生／目安量は暫定
vc,ビタミンC,いちご,62.0,mg,80,49.6,100,49.6,1,,07012,確認済,2025年版・女性30-49・推奨量,07012 いちご 生
vc,ビタミンC,みかん,35.0,mg,100,35.0,100.0,35.0,1,,07028,確認済,2025年版・女性30-49・推奨量,成分表八訂 （かんきつ類） うんしゅうみかん 砂じょう 早生 生／目安量は暫定
vc,ビタミンC,キャベツ,41.0,mg,80,32.8,100.0,32.8,1,,06061,確認済,2025年版・女性30-49・推奨量,成分表八訂 （キャベツ類） キャベツ 結球葉 生／目安量は暫定
vc,ビタミンC,さつまいも,29.0,mg,100,29.0,100,29.0,2,,02006,確認済,2025年版・女性30-49・推奨量,02006 ＜いも類＞ （さつまいも類） さつまいも 塊根 皮なし 生
vc,ビタミンC,じゃがいも,28.0,mg,100,28.0,100,28.0,2,,02017,確認済,2025年版・女性30-49・推奨量,02017 ＜いも類＞ じゃがいも 塊茎 皮なし 生
vc,ビタミンC,水菜,55.0,mg,50,27.5,100.0,27.5,2,,06072,確認済,2025年版・女性30-49・推奨量,成分表八訂 みずな 葉 生／目安量は暫定
vc,ビタミンC,小松菜,39.0,mg,70,27.3,100,27.3,2,,06086,確認済,2025年版・女性30-49・推奨量,06086 こまつな 葉 生
vc,ビタミンC,ほうれん草,35.0,mg,70,24.5,100,24.5,2,,06267,確認済,2025年版・女性30-49・推奨量,06267 ほうれんそう 葉 通年平均 生
vc,ビタミンC,ピーマン,76.0,mg,30,22.8,100.0,22.8,2,,06245,確認済,2025年版・女性30-49・推奨量,成分表八訂 （ピーマン類） 青ピーマン 果実 生／目安量は暫定
vc,ビタミンC,トマト,15.0,mg,150,22.5,100.0,22.5,2,,06182,確認済,2025年版・女性30-49・推奨量,成分表八訂 （トマト類） 赤色トマト 果実 生／目安量は暫定
vc,ビタミンC,白菜,19.0,mg,100,19.0,100.0,19.0,2,,06233,確認済,2025年版・女性30-49・推奨量,成分表八訂 はくさい 結球葉 生／目安量は暫定
vc,ビタミンC,バナナ,16.0,mg,100,16.0,100,16.0,2,,07107,確認済,2025年版・女性30-49・推奨量,07107 バナナ 生
vc,ビタミンC,枝豆,27.0,mg,50,13.5,100,13.5,2,,06015,確認済,2025年版・女性30-49・推奨量,06015 えだまめ 生
vc,ビタミンC,かぼちゃ,16.0,mg,80,12.8,100,12.8,2,,06046,確認済,2025年版・女性30-49・推奨量,06046 （かぼちゃ類） 日本かぼちゃ 果実 生
vc,ビタミンC,大根,12.0,mg,100,12.0,100.0,12.0,2,,06132,確認済,2025年版・女性30-49・推奨量,成分表八訂 （だいこん類） だいこん 根 皮つき 生／目安量は暫定
vc,ビタミンC,もやし,8.0,mg,80,6.4,100.0,6.4,3,,06291,確認済,2025年版・女性30-49・推奨量,成分表八訂 （もやし類） りょくとうもやし 生／目安量は暫定
vc,ビタミンC,ブルーベリー,9.0,mg,60,5.4,100.0,5.4,3,,07124,確認済,2025年版・女性30-49・推奨量,成分表八訂 ブルーベリー 生／目安量は暫定
vd,ビタミンD,いわし,32.0,µg,80,25.6,9.0,284.4,1,,10047,確認済,2025年版・女性30-49・目安量,成分表八訂 ＜魚類＞ （いわし類） まいわし 生／目安量は暫定
vd,ビタミンD,鮭,32.0,µg,80,25.6,9.0,284.4,1,,10134,確認済,2025年版・女性30-49・目安量,10134 ＜魚類＞ （さけ・ます類） しろさけ 生
vd,ビタミンD,うなぎ,18.0,µg,80,14.4,9.0,160.0,1,,10067,確認済,2025年版・女性30-49・目安量,10067 ＜魚類＞ うなぎ 養殖 生
vd,ビタミンD,さんま,16.0,µg,80,12.8,9.0,142.2,1,,10173,確認済,2025年版・女性30-49・目安量,10173 ＜魚類＞ さんま 皮つき 生
vd,ビタミンD,ぶり,8.0,µg,80,6.4,9.0,71.1,1,,10241,確認済,2025年版・女性30-49・目安量,成分表八訂 ＜魚類＞ ぶり 成魚 生／目安量は暫定
vd,ビタミンD,まぐろ,6.0,µg,80,4.8,9.0,53.3,1,,10252,確認済,2025年版・女性30-49・目安量,10252 ＜魚類＞ （まぐろ類） きはだ 生
vd,ビタミンD,さば,5.1,µg,80,4.08,9.0,45.3,1,,10154,確認済,2025年版・女性30-49・目安量,10154 ＜魚類＞ （さば類） まさば 生
vd,ビタミンD,かつお,4.0,µg,80,3.2,9.0,35.6,1,,10086,確認済,2025年版・女性30-49・目安量,10086 ＜魚類＞ （かつお類） かつお 春獲り 生
vd,ビタミンD,まいたけ,4.9,µg,50,2.45,9.0,27.2,2,,08028,確認済,2025年版・女性30-49・目安量,成分表八訂 まいたけ 生／目安量は暫定
vd,ビタミンD,卵,3.8,µg,50,1.9,9.0,21.1,2,,12004,確認済,2025年版・女性30-49・目安量,12004 鶏卵 全卵 生
vd,ビタミンD,しらす干し,12.0,µg,10,1.2,9.0,13.3,2,,10055,確認済,2025年版・女性30-49・目安量,10055 ＜魚類＞ （いわし類） しらす干し 微乾燥品
vd,ビタミンD,しいたけ,0.3,µg,30,0.09,9.0,1.0,3,,08039,確認済,2025年版・女性30-49・目安量,成分表八訂 しいたけ 生しいたけ 菌床栽培 生／目安量は暫定
ve,ビタミンE,アーモンド,29.0,mg,25,7.25,6.0,120.8,1,,05040,確認済,2025年版・女性30-49・目安量,05040 アーモンド いり 無塩
ve,ビタミンE,うなぎ,7.4,mg,80,5.92,6.0,98.7,1,,10067,確認済,2025年版・女性30-49・目安量,10067 ＜魚類＞ うなぎ 養殖 生
ve,ビタミンE,アボカド,3.3,mg,70,2.31,6.0,38.5,1,,07006,確認済,2025年版・女性30-49・目安量,07006 アボカド 生
ve,ビタミンE,赤ピーマン,4.3,mg,50,2.15,6.0,35.8,1,,06247,確認済,2025年版・女性30-49・目安量,06247 （ピーマン類） 赤ピーマン 果実 生
ve,ビタミンE,玄米,1.2,mg,150,1.8,6.0,30.0,1,,01080,確認済,2025年版・女性30-49・目安量,01080 こめ ［水稲穀粒］ 玄米
ve,ビタミンE,ブロッコリー,3.0,mg,60,1.8,6.0,30.0,1,,06263,確認済,2025年版・女性30-49・目安量,06263 ブロッコリー 花序 生
ve,ビタミンE,マヨネーズ,13.0,mg,12,1.56,6.0,26.0,2,,17042,確認済,2025年版・女性30-49・目安量,17042 ＜調味料類＞ （ドレッシング類） 半固形状ドレッシング マヨネーズ 全卵型
ve,ビタミンE,ピーナッツ,10.0,mg,15,1.5,6.0,25.0,2,,05035,確認済,2025年版・女性30-49・目安量,成分表八訂 らっかせい 大粒種 いり／目安量は暫定
ve,ビタミンE,さつまいも,1.5,mg,100,1.5,6.0,25.0,2,,02006,確認済,2025年版・女性30-49・目安量,02006 ＜いも類＞ （さつまいも類） さつまいも 塊根 皮なし 生
ve,ビタミンE,ほうれん草,2.1,mg,70,1.47,6.0,24.5,2,,06267,確認済,2025年版・女性30-49・目安量,06267 ほうれんそう 葉 通年平均 生
ve,ビタミンE,かぼちゃ,1.8,mg,80,1.44,6.0,24.0,2,,06046,確認済,2025年版・女性30-49・目安量,06046 （かぼちゃ類） 日本かぼちゃ 果実 生
ve,ビタミンE,さんま,1.7,mg,80,1.36,6.0,22.7,2,,10173,確認済,2025年版・女性30-49・目安量,10173 ＜魚類＞ さんま 皮つき 生
ve,ビタミンE,キウイ,1.3,mg,100,1.3,6.0,21.7,2,,07054,確認済,2025年版・女性30-49・目安量,07054 キウイフルーツ 緑肉種 生
ve,ビタミンE,大豆,2.3,mg,50,1.15,6.0,19.2,2,,04023,確認済,2025年版・女性30-49・目安量,04023 だいず ［全粒・全粒製品］ 全粒 黄大豆 国産 乾
ve,ビタミンE,さば,1.3,mg,80,1.04,6.0,17.3,2,,10154,確認済,2025年版・女性30-49・目安量,10154 ＜魚類＞ （さば類） まさば 生
ve,ビタミンE,鮭,1.2,mg,80,0.96,6.0,16.0,2,,10134,確認済,2025年版・女性30-49・目安量,10134 ＜魚類＞ （さけ・ます類） しろさけ 生
ve,ビタミンE,牡蠣,1.3,mg,60,0.78,6.0,13.0,2,,10292,確認済,2025年版・女性30-49・目安量,10292 ＜貝類＞ かき 養殖 生
ve,ビタミンE,オリーブ油,7.4,mg,10,0.74,6.0,12.3,2,,14001,確認済,2025年版・女性30-49・目安量,14001 （植物油脂類） オリーブ油
ve,ビタミンE,卵,1.3,mg,50,0.65,6.0,10.8,3,,12004,確認済,2025年版・女性30-49・目安量,12004 鶏卵 全卵 生
ve,ビタミンE,小松菜,0.9,mg,70,0.63,6.0,10.5,3,,06086,確認済,2025年版・女性30-49・目安量,06086 こまつな 葉 生
vk,ビタミンK,モロヘイヤ,640.0,µg,60,384.0,150.0,256.0,1,,06293,確認済,2025年版・女性30-49・目安量,成分表八訂 モロヘイヤ 茎葉 生／目安量は暫定
vk,ビタミンK,納豆,600.0,µg,45,270.0,150,180.0,1,,04046,確認済,2025年版・女性30-49・目安量,04046 だいず ［納豆類］ 糸引き納豆
vk,ビタミンK,ほうれん草,270.0,µg,70,189.0,150,126.0,1,,06267,確認済,2025年版・女性30-49・目安量,06267 ほうれんそう 葉 通年平均 生
vk,ビタミンK,小松菜,210.0,µg,70,147.0,150,98.0,1,,06086,確認済,2025年版・女性30-49・目安量,06086 こまつな 葉 生
vk,ビタミンK,ブロッコリー,210.0,µg,60,126.0,150,84.0,1,,06263,確認済,2025年版・女性30-49・目安量,06263 ブロッコリー 花序 生
vk,ビタミンK,わかめ,660.0,µg,10,66.0,150,44.0,1,,09040,確認済,2025年版・女性30-49・目安量,09040 わかめ 乾燥わかめ 素干し
vk,ビタミンK,キャベツ,78.0,µg,80,62.4,150.0,41.6,1,,06061,確認済,2025年版・女性30-49・目安量,成分表八訂 （キャベツ類） キャベツ 結球葉 生／目安量は暫定
vk,ビタミンK,水菜,120.0,µg,50,60.0,150.0,40.0,1,,06072,確認済,2025年版・女性30-49・目安量,成分表八訂 みずな 葉 生／目安量は暫定
vk,ビタミンK,ひじき,580.0,µg,8,46.4,150,30.9,1,,09050,確認済,2025年版・女性30-49・目安量,09050 ひじき ほしひじき ステンレス釜 乾
vk,ビタミンK,アスパラガス,43.0,µg,60,25.8,150.0,17.2,2,,06007,確認済,2025年版・女性30-49・目安量,成分表八訂 アスパラガス 若茎 生／目安量は暫定
vk,ビタミンK,鶏もも,29.0,µg,80,23.2,150,15.5,2,,11221,確認済,2025年版・女性30-49・目安量,11221 ＜鳥肉類＞ にわとり ［若どり・主品目］ もも 皮つき 生
vk,ビタミンK,かぼちゃ,26.0,µg,80,20.8,150,13.9,2,,06046,確認済,2025年版・女性30-49・目安量,06046 （かぼちゃ類） 日本かぼちゃ 果実 生
vk,ビタミンK,鶏むね,23.0,µg,80,18.4,150,12.3,2,,11219,確認済,2025年版・女性30-49・目安量,11219 ＜鳥肉類＞ にわとり ［若どり・主品目］ むね 皮つき 生
vk,ビタミンK,枝豆,30.0,µg,50,15.0,150,10.0,3,,06015,確認済,2025年版・女性30-49・目安量,06015 えだまめ 生
vk,ビタミンK,のり,390.0,µg,3,11.7,150.0,7.8,3,,09004,確認済,2025年版・女性30-49・目安量,成分表八訂 あまのり 焼きのり／目安量は暫定
zn,亜鉛,牡蠣,14.0,mg,60,8.4,8.0,105.0,1,,10292,確認済,2025年版・女性30-49・推奨量,10292 ＜貝類＞ かき 養殖 生
zn,亜鉛,牛もも,4.7,mg,100,4.7,8.0,58.8,1,,11048,確認済,2025年版・女性30-49・推奨量,成分表八訂 ＜畜肉類＞ うし ［乳用肥育牛肉］ もも 皮下脂肪なし 生／目安量は暫定
zn,亜鉛,豚レバー,6.9,mg,50,3.45,8.0,43,1,,11166,確認済,2025年版・女性30-49・推奨量,豚レバーに統一（増補2023照合）
zn,亜鉛,玄米,1.8,mg,150,2.7,8.0,33.8,1,,01080,確認済,2025年版・女性30-49・推奨量,01080 こめ ［水稲穀粒］ 玄米
zn,亜鉛,豚ひき肉,2.8,mg,80,2.24,8.0,28.0,2,,11163,確認済,2025年版・女性30-49・推奨量,11163 ＜畜肉類＞ ぶた ［ひき肉］ 生
zn,亜鉛,白米,1.4,mg,150,2.1,8.0,26.2,2,,01083,確認済,2025年版・女性30-49・推奨量,01083 こめ ［水稲穀粒］ 精白米 うるち米
zn,亜鉛,ほたて,2.7,mg,60,1.62,8.0,20.2,2,,10311,確認済,2025年版・女性30-49・推奨量,成分表八訂 ＜貝類＞ ほたてがい 生／目安量は暫定
zn,亜鉛,豚もも,2.0,mg,80,1.6,8.0,20.0,2,,11130,確認済,2025年版・女性30-49・推奨量,11130 ＜畜肉類＞ ぶた ［大型種肉］ もも 脂身つき 生
zn,亜鉛,大豆,3.1,mg,50,1.55,8.0,19.4,2,,04023,確認済,2025年版・女性30-49・推奨量,04023 だいず ［全粒・全粒製品］ 全粒 黄大豆 国産 乾
zn,亜鉛,豚ばら,1.8,mg,80,1.44,8.0,18.0,2,,11129,確認済,2025年版・女性30-49・推奨量,11129 ＜畜肉類＞ ぶた ［大型種肉］ ばら 脂身つき 生
zn,亜鉛,豚ロース,1.6,mg,80,1.28,8.0,16.0,2,,11123,確認済,2025年版・女性30-49・推奨量,11123 ＜畜肉類＞ ぶた ［大型種肉］ ロース 脂身つき 生
zn,亜鉛,鶏もも,1.6,mg,80,1.28,8.0,16.0,2,,11221,確認済,2025年版・女性30-49・推奨量,11221 ＜鳥肉類＞ にわとり ［若どり・主品目］ もも 皮つき 生
zn,亜鉛,うなぎ,1.4,mg,80,1.12,8.0,14.0,2,,10067,確認済,2025年版・女性30-49・推奨量,10067 ＜魚類＞ うなぎ 養殖 生
zn,亜鉛,たこ,1.6,mg,60,0.96,8.0,12.0,2,,10361,確認済,2025年版・女性30-49・推奨量,成分表八訂 ＜いか・たこ類＞ （たこ類） まだこ 生／目安量は暫定
zn,亜鉛,アーモンド,3.7,mg,25,0.93,8.0,11.6,3,,05040,確認済,2025年版・女性30-49・推奨量,05040 アーモンド いり 無塩
zn,亜鉛,さば,1.1,mg,80,0.88,8.0,11.0,3,,10154,確認済,2025年版・女性30-49・推奨量,10154 ＜魚類＞ （さば類） まさば 生
zn,亜鉛,納豆,1.9,mg,45,0.85,8.0,10.6,3,,04046,確認済,2025年版・女性30-49・推奨量,04046 だいず ［納豆類］ 糸引き納豆
zn,亜鉛,オートミール,2.1,mg,40,0.84,8.0,10.5,3,,01004,確認済,2025年版・女性30-49・推奨量,01004 えんばく オートミール
zn,亜鉛,カシューナッツ,5.4,mg,15,0.81,8.0,10.1,3,,05005,確認済,2025年版・女性30-49・推奨量,成分表八訂 カシューナッツ フライ 味付け／目安量は暫定
zn,亜鉛,牛乳,0.4,mg,200,0.8,8.0,10.0,3,,13003,確認済,2025年版・女性30-49・推奨量,13003 ＜牛乳及び乳製品＞ （液状乳類） 普通牛乳
b1,ビタミンB1,そば,0.37,mg,80,0.3,0.9,33.3,1,,01129,確認済,2025年版・女性30-49・推奨量,成分表増補2023 そば 干しそば 乾（セレンのみ01127生から補完）
b6,ビタミンB6,そば,0.24,mg,80,0.19,1.2,15.8,2,,01129,確認済,2025年版・女性30-49・推奨量,成分表増補2023 そば 干しそば 乾（セレンのみ01127生から補完）
cu,銅,そば,0.34,mg,80,0.27,0.7,38.6,1,,01129,確認済,2025年版・女性30-49・推奨量,成分表増補2023 そば 干しそば 乾（セレンのみ01127生から補完）
fe,鉄,そば,2.6,mg,80,2.08,10.5,19.8,2,,01129,確認済,2025年版・女性30-49・推奨量（月経あり）,成分表増補2023 そば 干しそば 乾（セレンのみ01127生から補完）
fiber,食物繊維,そば,3.7,g,80,2.96,18.0,16.4,2,,01129,確認済,2025年版・女性30-49・目標量（以上）,成分表増補2023 そば 干しそば 乾（セレンのみ01127生から補完）
mg,マグネシウム,そば,100.0,mg,80,80.0,290,27.6,2,,01129,確認済,2025年版・女性30-49・推奨量,成分表増補2023 そば 干しそば 乾（セレンのみ01127生から補完）
na,塩分,そば,2.2,g,80,1.76,6.5,27.1,2,,01129,確認済,"2025年版・女性30-49・目標量（食塩相当量,未満）",成分表増補2023 そば 干しそば 乾（セレンのみ01127生から補完）
niacin,ナイアシン,そば,6.1,mgNE,80,4.88,12,40.7,1,,01129,確認済,2025年版・女性30-49・推奨量,成分表増補2023 そば 干しそば 乾（セレンのみ01127生から補完）
p,リン,そば,230.0,mg,80,184.0,800,23.0,2,,01129,確認済,2025年版・女性30-49・目安量,成分表増補2023 そば 干しそば 乾（セレンのみ01127生から補完）
panto,パントテン酸,そば,1.15,mg,80,0.92,5,18.4,2,,01129,確認済,2025年版・女性30-49・目安量,成分表増補2023 そば 干しそば 乾（セレンのみ01127生から補完）
protein,たんぱく質,そば,14.0,g,80,11.2,50,22.4,2,,01129,確認済,2025年版・女性30-49・推奨量,成分表増補2023 そば 干しそば 乾（セレンのみ01127生から補完）
se,セレン,そば,24.0,µg,80,19.2,25,76.8,1,,01129,確認済,2025年版・女性30-49・推奨量,成分表増補2023 そば 干しそば 乾（セレンのみ01127生から補完）
zn,亜鉛,そば,1.5,mg,80,1.2,8.0,15.0,2,,01129,確認済,2025年版・女性30-49・推奨量,成分表増補2023 そば 干しそば 乾（セレンのみ01127生から補完）
cu,銅,うどん,0.11,mg,80,0.09,0.7,12.9,2,,01041,確認済,2025年版・女性30-49・推奨量,成分表増補2023 干しうどん 乾
fiber,食物繊維,うどん,2.4,g,80,1.92,18.0,10.7,3,,01041,確認済,2025年版・女性30-49・目標量（以上）,成分表増補2023 干しうどん 乾
na,塩分,うどん,4.3,g,80,3.44,6.5,52.9,1,,01041,確認済,"2025年版・女性30-49・目標量（食塩相当量,未満）",成分表増補2023 干しうどん 乾
niacin,ナイアシン,うどん,2.5,mgNE,80,2.0,12,16.7,2,,01041,確認済,2025年版・女性30-49・推奨量,成分表増補2023 干しうどん 乾
protein,たんぱく質,うどん,8.5,g,80,6.8,50,13.6,2,,01041,確認済,2025年版・女性30-49・推奨量,成分表増補2023 干しうどん 乾
se,セレン,うどん,10.0,µg,80,8.0,25,32.0,1,,01041,確認済,2025年版・女性30-49・推奨量,成分表増補2023 干しうどん 乾
b1,ビタミンB1,パスタ,0.19,mg,90,0.17,0.9,18.9,2,,01063,確認済,2025年版・女性30-49・推奨量,成分表増補2023 マカロニ・スパゲッティ 乾
cu,銅,パスタ,0.28,mg,90,0.25,0.7,35.7,1,,01063,確認済,2025年版・女性30-49・推奨量,成分表増補2023 マカロニ・スパゲッティ 乾
fe,鉄,パスタ,1.4,mg,90,1.26,10.5,12.0,2,,01063,確認済,2025年版・女性30-49・推奨量（月経あり）,成分表増補2023 マカロニ・スパゲッティ 乾
fiber,食物繊維,パスタ,5.4,g,90,4.86,18.0,27.0,2,,01063,確認済,2025年版・女性30-49・目標量（以上）,成分表増補2023 マカロニ・スパゲッティ 乾
mg,マグネシウム,パスタ,55.0,mg,90,49.5,290,17.1,2,,01063,確認済,2025年版・女性30-49・推奨量,成分表増補2023 マカロニ・スパゲッティ 乾
niacin,ナイアシン,パスタ,4.9,mgNE,90,4.41,12,36.8,1,,01063,確認済,2025年版・女性30-49・推奨量,成分表増補2023 マカロニ・スパゲッティ 乾
p,リン,パスタ,130.0,mg,90,117.0,800,14.6,2,,01063,確認済,2025年版・女性30-49・目安量,成分表増補2023 マカロニ・スパゲッティ 乾
panto,パントテン酸,パスタ,0.65,mg,90,0.58,5,11.6,3,,01063,確認済,2025年版・女性30-49・目安量,成分表増補2023 マカロニ・スパゲッティ 乾
protein,たんぱく質,パスタ,12.9,g,90,11.61,50,23.2,2,,01063,確認済,2025年版・女性30-49・推奨量,成分表増補2023 マカロニ・スパゲッティ 乾
se,セレン,パスタ,63.0,µg,90,56.7,25,226.8,1,,01063,確認済,2025年版・女性30-49・推奨量,成分表増補2023 マカロニ・スパゲッティ 乾
zn,亜鉛,パスタ,1.5,mg,90,1.35,8.0,16.9,2,,01063,確認済,2025年版・女性30-49・推奨量,成分表増補2023 マカロニ・スパゲッティ 乾
sugar,糖質,そば,72.4,g,80,57.92,250.0,23.2,2,,01129,確認済,2025年版・女性30-49・炭水化物目標量50%E×2050kcal÷4で換算,成分表増補2023 そば 干しそば 乾
sugar,糖質,うどん,76.8,g,80,61.44,250.0,24.6,2,,01041,確認済,2025年版・女性30-49・炭水化物目標量50%E×2050kcal÷4で換算,成分表増補2023 干しうどん 乾
sugar,糖質,パスタ,73.4,g,90,66.06,250.0,26.4,2,,01063,確認済,2025年版・女性30-49・炭水化物目標量50%E×2050kcal÷4で換算,成分表増補2023 マカロニ・スパゲッティ 乾
se,セレン,ぶり,57.0,µg,80,45.6,25.0,182.4,1,,10241,確認済,2025年版・女性30-49・推奨量,成分表増補2023照合・取りこぼし追加（品番10241）
folate,葉酸,豚レバー,810.0,µg,50,405.0,240.0,168.8,1,,11166,確認済,2025年版・女性30-49・推奨量,成分表増補2023照合・取りこぼし追加（品番11166）
se,セレン,豚レバー,67.0,µg,50,33.5,25.0,134.0,1,,11166,確認済,2025年版・女性30-49・推奨量,成分表増補2023照合・取りこぼし追加（品番11166）
se,セレン,たら,31.0,µg,80,24.8,25.0,99.2,1,,10205,確認済,2025年版・女性30-49・推奨量,成分表増補2023照合・取りこぼし追加（品番10205）
se,セレン,牛もも,20.0,µg,100,20.0,25.0,80.0,1,,11048,確認済,2025年版・女性30-49・推奨量,成分表増補2023照合・取りこぼし追加（品番11048）
niacin,ナイアシン,牛もも,9.4,mgNE,100,9.4,12.0,78.3,1,,11048,確認済,2025年版・女性30-49・推奨量,成分表増補2023照合・取りこぼし追加（品番11048）
ve,ビタミンE,モロヘイヤ,6.5,mg,60,3.9,6.0,65.0,1,,06293,確認済,2025年版・女性30-49・目安量,成分表増補2023照合・取りこぼし追加（品番06293）
se,セレン,えび,27.0,µg,60,16.2,25.0,64.8,1,,10415,確認済,2025年版・女性30-49・推奨量,成分表増補2023照合・取りこぼし追加（品番10415）
se,セレン,たこ,22.0,µg,60,13.2,25.0,52.8,1,,10361,確認済,2025年版・女性30-49・推奨量,成分表増補2023照合・取りこぼし追加（品番10361）
se,セレン,そうめん,16.0,µg,70,11.2,25.0,44.8,1,,01043,確認済,2025年版・女性30-49・推奨量,成分表増補2023照合・取りこぼし追加（品番01043）
niacin,ナイアシン,いか,6.5,mgNE,80,5.2,12.0,43.3,1,,10345,確認済,2025年版・女性30-49・推奨量,成分表増補2023照合・取りこぼし追加（品番10345）
b12,ビタミンB12,のり,56.7,µg,3,1.7,4.0,42.5,1,,09004,確認済,2025年版・女性30-49・目安量,成分表増補2023照合・取りこぼし追加（品番09004）
na,塩分,そうめん,3.8,g,70,2.66,6.5,40.9,1,,01043,確認済,"2025年版・女性30-49・目標量（食塩相当量,未満）",成分表増補2023照合・取りこぼし追加（品番01043）
cu,銅,カシューナッツ,1.89,mg,15,0.28,0.7,40.5,1,,05005,確認済,2025年版・女性30-49・推奨量,成分表増補2023照合・取りこぼし追加（品番05005）
folate,葉酸,とうもろこし,95.0,µg,100,95.0,240.0,39.6,1,,06175,確認済,2025年版・女性30-49・推奨量,成分表増補2023照合・取りこぼし追加（品番06175）
vk,ビタミンK,白菜,59.0,µg,100,59.0,150.0,39.3,1,,06233,確認済,2025年版・女性30-49・目安量,成分表増補2023照合・取りこぼし追加（品番06233）
vc,ビタミンC,モロヘイヤ,65.0,mg,60,39.0,100.0,39.0,1,,06293,確認済,2025年版・女性30-49・推奨量,成分表増補2023照合・取りこぼし追加（品番06293）
cu,銅,木綿豆腐,0.16,mg,150,0.24,0.7,34.3,1,,04032,確認済,2025年版・女性30-49・推奨量,成分表増補2023照合・取りこぼし追加（品番04032）
cu,銅,絹ごし豆腐,0.16,mg,150,0.24,0.7,34.3,1,,04033,確認済,2025年版・女性30-49・推奨量,成分表増補2023照合・取りこぼし追加（品番04033）
cu,銅,豆乳,0.12,mg,200,0.24,0.7,34.3,1,,04052,確認済,2025年版・女性30-49・推奨量,成分表増補2023照合・取りこぼし追加（品番04052）
niacin,ナイアシン,えび,6.8,mgNE,60,4.08,12.0,34.0,1,,10415,確認済,2025年版・女性30-49・推奨量,成分表増補2023照合・取りこぼし追加（品番10415）
ve,ビタミンE,いわし,2.5,mg,80,2.0,6.0,33.3,1,,10047,確認済,2025年版・女性30-49・目安量,成分表増補2023照合・取りこぼし追加（品番10047）
cu,銅,いか,0.29,mg,80,0.23,0.7,33.1,1,,10345,確認済,2025年版・女性30-49・推奨量,成分表増補2023照合・取りこぼし追加（品番10345）
cu,銅,厚揚げ,0.23,mg,100,0.23,0.7,32.9,1,,04039,確認済,2025年版・女性30-49・推奨量,成分表増補2023照合・取りこぼし追加（品番04039）
b6,ビタミンB6,いわし,0.49,mg,80,0.39,1.2,32.7,1,,10047,確認済,2025年版・女性30-49・推奨量,成分表増補2023照合・取りこぼし追加（品番10047）
cu,銅,たこ,0.38,mg,60,0.23,0.7,32.6,1,,10361,確認済,2025年版・女性30-49・推奨量,成分表増補2023照合・取りこぼし追加（品番10361）
cu,銅,レンズ豆,0.44,mg,50,0.22,0.7,31.4,1,,04094,確認済,2025年版・女性30-49・推奨量,成分表増補2023照合・取りこぼし追加（品番04094）
b2,ビタミンB2,低脂肪乳,0.18,mg,200,0.36,1.2,30.0,1,,13005,確認済,2025年版・女性30-49・推奨量,成分表増補2023照合・取りこぼし追加（品番13005）
b12,ビタミンB12,牛もも,1.2,µg,100,1.2,4.0,30.0,1,,11048,確認済,2025年版・女性30-49・目安量,成分表増補2023照合・取りこぼし追加（品番11048）
niacin,ナイアシン,たら,4.4,mgNE,80,3.52,12.0,29.3,2,,10205,確認済,2025年版・女性30-49・推奨量,成分表増補2023照合・取りこぼし追加（品番10205）
cu,銅,モロヘイヤ,0.33,mg,60,0.2,0.7,28.3,2,,06293,確認済,2025年版・女性30-49・推奨量,成分表増補2023照合・取りこぼし追加（品番06293）
ve,ビタミンE,いか,2.1,mg,80,1.68,6.0,28.0,2,,10345,確認済,2025年版・女性30-49・目安量,成分表増補2023照合・取りこぼし追加（品番10345）
b6,ビタミンB6,ぶり,0.42,mg,80,0.34,1.2,28.0,2,,10241,確認済,2025年版・女性30-49・推奨量,成分表増補2023照合・取りこぼし追加（品番10241）
b6,ビタミンB6,牛もも,0.33,mg,100,0.33,1.2,27.5,2,,11048,確認済,2025年版・女性30-49・推奨量,成分表増補2023照合・取りこぼし追加（品番11048）
ve,ビタミンE,ぶり,2.0,mg,80,1.6,6.0,26.7,2,,10241,確認済,2025年版・女性30-49・目安量,成分表増補2023照合・取りこぼし追加（品番10241）
b2,ビタミンB2,スキムミルク,1.6,mg,20,0.32,1.2,26.7,2,,13010,確認済,2025年版・女性30-49・推奨量,成分表増補2023照合・取りこぼし追加（品番13010）
b2,ビタミンB2,いわし,0.39,mg,80,0.31,1.2,26.0,2,,10047,確認済,2025年版・女性30-49・推奨量,成分表増補2023照合・取りこぼし追加（品番10047）
cu,銅,くるみ,1.21,mg,15,0.18,0.7,25.9,2,,05014,確認済,2025年版・女性30-49・推奨量,成分表増補2023照合・取りこぼし追加（品番05014）
se,セレン,ソーセージ,16.0,µg,40,6.4,25.0,25.6,2,,11306,確認済,2025年版・女性30-49・推奨量,成分表増補2023照合・取りこぼし追加（品番11306）
folate,葉酸,白菜,61.0,µg,100,61.0,240.0,25.4,2,,06233,確認済,2025年版・女性30-49・推奨量,成分表増補2023照合・取りこぼし追加（品番06233）
p,リン,いか,250.0,mg,80,200.0,800.0,25.0,2,,10345,確認済,2025年版・女性30-49・目安量,成分表増補2023照合・取りこぼし追加（品番10345）
p,リン,スキムミルク,1000.0,mg,20,200.0,800.0,25.0,2,,13010,確認済,2025年版・女性30-49・目安量,成分表増補2023照合・取りこぼし追加（品番13010）
b2,ビタミンB2,ぶり,0.36,mg,80,0.29,1.2,24.0,2,,10241,確認済,2025年版・女性30-49・推奨量,成分表増補2023照合・取りこぼし追加（品番10241）
se,セレン,低脂肪乳,3.0,µg,200,6.0,25.0,24.0,2,,13005,確認済,2025年版・女性30-49・推奨量,成分表増補2023照合・取りこぼし追加（品番13005）
se,セレン,木綿豆腐,4.0,µg,150,6.0,25.0,24.0,2,,04032,確認済,2025年版・女性30-49・推奨量,成分表増補2023照合・取りこぼし追加（品番04032）
b6,ビタミンB6,豚レバー,0.57,mg,50,0.28,1.2,23.8,2,,11166,確認済,2025年版・女性30-49・推奨量,成分表増補2023照合・取りこぼし追加（品番11166）
niacin,ナイアシン,木綿豆腐,1.9,mgNE,150,2.85,12.0,23.8,2,,04032,確認済,2025年版・女性30-49・推奨量,成分表増補2023照合・取りこぼし追加（品番04032）
p,リン,牛もも,190.0,mg,100,190.0,800.0,23.8,2,,11048,確認済,2025年版・女性30-49・目安量,成分表増補2023照合・取りこぼし追加（品番11048）
niacin,ナイアシン,厚揚げ,2.8,mgNE,100,2.8,12.0,23.3,2,,04039,確認済,2025年版・女性30-49・推奨量,成分表増補2023照合・取りこぼし追加（品番04039）
niacin,ナイアシン,とうもろこし,2.8,mgNE,100,2.8,12.0,23.3,2,,06175,確認済,2025年版・女性30-49・推奨量,成分表増補2023照合・取りこぼし追加（品番06175）
folate,葉酸,豆乳,28.0,µg,200,56.0,240.0,23.3,2,,04052,確認済,2025年版・女性30-49・推奨量,成分表増補2023照合・取りこぼし追加（品番04052）
niacin,ナイアシン,豆乳,1.4,mgNE,200,2.8,12.0,23.3,2,,04052,確認済,2025年版・女性30-49・推奨量,成分表増補2023照合・取りこぼし追加（品番04052）
vd,ビタミンD,ツナ缶,3.0,µg,70,2.1,9.0,23.3,2,,10260,確認済,2025年版・女性30-49・目安量,成分表増補2023照合・取りこぼし追加（品番10260）
p,リン,いわし,230.0,mg,80,184.0,800.0,23.0,2,,10047,確認済,2025年版・女性30-49・目安量,成分表増補2023照合・取りこぼし追加（品番10047）
p,リン,たら,230.0,mg,80,184.0,800.0,23.0,2,,10205,確認済,2025年版・女性30-49・目安量,成分表増補2023照合・取りこぼし追加（品番10205）
cu,銅,いわし,0.2,mg,80,0.16,0.7,22.9,2,,10047,確認済,2025年版・女性30-49・推奨量,成分表増補2023照合・取りこぼし追加（品番10047）
fe,鉄,豆乳,1.2,mg,200,2.4,10.5,22.9,2,,04052,確認済,2025年版・女性30-49・推奨量（月経あり）,成分表増補2023照合・取りこぼし追加（品番04052）
p,リン,低脂肪乳,90.0,mg,200,180.0,800.0,22.5,2,,13005,確認済,2025年版・女性30-49・目安量,成分表増補2023照合・取りこぼし追加（品番13005）
niacin,ナイアシン,まいたけ,5.4,mgNE,50,2.7,12.0,22.5,2,,08028,確認済,2025年版・女性30-49・推奨量,成分表増補2023照合・取りこぼし追加（品番08028）
ve,ビタミンE,トマト,0.9,mg,150,1.35,6.0,22.5,2,,06182,確認済,2025年版・女性30-49・目安量,成分表増補2023照合・取りこぼし追加（品番06182）
panto,パントテン酸,モロヘイヤ,1.83,mg,60,1.1,5.0,22.0,2,,06293,確認済,2025年版・女性30-49・目安量,成分表増補2023照合・取りこぼし追加（品番06293）
folate,葉酸,ほたて,87.0,µg,60,52.2,240.0,21.8,2,,10311,確認済,2025年版・女性30-49・推奨量,成分表増補2023照合・取りこぼし追加（品番10311）
se,セレン,スキムミルク,27.0,µg,20,5.4,25.0,21.6,2,,13010,確認済,2025年版・女性30-49・推奨量,成分表増補2023照合・取りこぼし追加（品番13010）
p,リン,豚レバー,340.0,mg,50,170.0,800.0,21.2,2,,11166,確認済,2025年版・女性30-49・目安量,成分表増補2023照合・取りこぼし追加（品番11166）
panto,パントテン酸,牛もも,1.06,mg,100,1.06,5.0,21.2,2,,11048,確認済,2025年版・女性30-49・目安量,成分表増補2023照合・取りこぼし追加（品番11048）
b2,ビタミンB2,モロヘイヤ,0.42,mg,60,0.25,1.2,21.0,2,,06293,確認済,2025年版・女性30-49・推奨量,成分表増補2023照合・取りこぼし追加（品番06293）
panto,パントテン酸,低脂肪乳,0.52,mg,200,1.04,5.0,20.8,2,,13005,確認済,2025年版・女性30-49・目安量,成分表増補2023照合・取りこぼし追加（品番13005）
cu,銅,ひよこ豆,0.29,mg,50,0.14,0.7,20.7,2,,04066,確認済,2025年版・女性30-49・推奨量,成分表増補2023照合・取りこぼし追加（品番04066）
niacin,ナイアシン,たこ,4.1,mgNE,60,2.46,12.0,20.5,2,,10361,確認済,2025年版・女性30-49・推奨量,成分表増補2023照合・取りこぼし追加（品番10361）
protein,たんぱく質,豚レバー,20.4,g,50,10.2,50.0,20.4,2,,11166,確認済,2025年版・女性30-49・推奨量,成分表増補2023照合・取りこぼし追加（品番11166）
b1,ビタミンB1,ぶり,0.23,mg,80,0.18,0.9,20.4,2,,10241,確認済,2025年版・女性30-49・推奨量,成分表増補2023照合・取りこぼし追加（品番10241）
b12,ビタミンB12,低脂肪乳,0.4,µg,200,0.8,4.0,20.0,2,,13005,確認済,2025年版・女性30-49・目安量,成分表増補2023照合・取りこぼし追加（品番13005）
niacin,ナイアシン,絹ごし豆腐,1.6,mgNE,150,2.4,12.0,20.0,2,,04033,確認済,2025年版・女性30-49・推奨量,成分表増補2023照合・取りこぼし追加（品番04033）
fat,脂質,厚揚げ,11.3,g,100,11.3,57.0,19.8,2,,04039,確認済,2025年版・女性30-49・目標量25%E×2050kcal÷9で換算,成分表増補2023照合・取りこぼし追加（品番04039）
fiber,食物繊維,モロヘイヤ,5.9,g,60,3.54,18.0,19.7,2,,06293,確認済,2025年版・女性30-49・目標量（以上）,成分表増補2023照合・取りこぼし追加（品番06293）
b12,ビタミンB12,ツナ缶,1.1,µg,70,0.77,4.0,19.2,2,,10260,確認済,2025年版・女性30-49・目安量,成分表増補2023照合・取りこぼし追加（品番10260）
b1,ビタミンB1,豚レバー,0.34,mg,50,0.17,0.9,18.9,2,,11166,確認済,2025年版・女性30-49・推奨量,成分表増補2023照合・取りこぼし追加（品番11166）
p,リン,厚揚げ,150.0,mg,100,150.0,800.0,18.8,2,,04039,確認済,2025年版・女性30-49・目安量,成分表増補2023照合・取りこぼし追加（品番04039）
niacin,ナイアシン,ソーセージ,5.6,mgNE,40,2.24,12.0,18.7,2,,11306,確認済,2025年版・女性30-49・推奨量,成分表増補2023照合・取りこぼし追加（品番11306）
b1,ビタミンB1,絹ごし豆腐,0.11,mg,150,0.17,0.9,18.3,2,,04033,確認済,2025年版・女性30-49・推奨量,成分表増補2023照合・取りこぼし追加（品番04033）
panto,パントテン酸,いわし,1.14,mg,80,0.91,5.0,18.2,2,,10047,確認済,2025年版・女性30-49・目安量,成分表増補2023照合・取りこぼし追加（品番10047）
fat,脂質,油揚げ,34.4,g,30,10.32,57.0,18.1,2,,04040,確認済,2025年版・女性30-49・目標量25%E×2050kcal÷9で換算,成分表増補2023照合・取りこぼし追加（品番04040）
b12,ビタミンB12,えび,1.2,µg,60,0.72,4.0,18.0,2,,10415,確認済,2025年版・女性30-49・目安量,成分表増補2023照合・取りこぼし追加（品番10415）
mg,マグネシウム,厚揚げ,51.0,mg,100,51.0,290.0,17.6,2,,04039,確認済,2025年版・女性30-49・推奨量,成分表増補2023照合・取りこぼし追加（品番04039）
b6,ビタミンB6,モロヘイヤ,0.35,mg,60,0.21,1.2,17.5,2,,06293,確認済,2025年版・女性30-49・推奨量,成分表増補2023照合・取りこぼし追加（品番06293）
b2,ビタミンB2,牛もも,0.21,mg,100,0.21,1.2,17.5,2,,11048,確認済,2025年版・女性30-49・推奨量,成分表増補2023照合・取りこぼし追加（品番11048）
fat,脂質,牛もも,9.9,g,100,9.9,57.0,17.4,2,,11048,確認済,2025年版・女性30-49・目標量25%E×2050kcal÷9で換算,成分表増補2023照合・取りこぼし追加（品番11048）
vk,ビタミンK,厚揚げ,26.0,µg,100,26.0,150.0,17.3,2,,04039,確認済,2025年版・女性30-49・目安量,成分表増補2023照合・取りこぼし追加（品番04039）
fe,鉄,絹ごし豆腐,1.2,mg,150,1.8,10.5,17.1,2,,04033,確認済,2025年版・女性30-49・推奨量（月経あり）,成分表増補2023照合・取りこぼし追加（品番04033）
cu,銅,梨,0.06,mg,200,0.12,0.7,17.1,2,,07088,確認済,2025年版・女性30-49・推奨量,成分表増補2023照合・取りこぼし追加（品番07088）
niacin,ナイアシン,ほたて,3.4,mgNE,60,2.04,12.0,17.0,2,,10311,確認済,2025年版・女性30-49・推奨量,成分表増補2023照合・取りこぼし追加（品番10311）
ve,ビタミンE,えび,1.7,mg,60,1.02,6.0,17.0,2,,10415,確認済,2025年版・女性30-49・目安量,成分表増補2023照合・取りこぼし追加（品番10415）
ve,ビタミンE,ブルーベリー,1.7,mg,60,1.02,6.0,17.0,2,,07124,確認済,2025年版・女性30-49・目安量,成分表増補2023照合・取りこぼし追加（品番07124）
niacin,ナイアシン,低脂肪乳,1.0,mgNE,200,2.0,12.0,16.7,2,,13005,確認済,2025年版・女性30-49・推奨量,成分表増補2023照合・取りこぼし追加（品番13005）
panto,パントテン酸,スキムミルク,4.17,mg,20,0.83,5.0,16.7,2,,13010,確認済,2025年版・女性30-49・目安量,成分表増補2023照合・取りこぼし追加（品番13010）
b1,ビタミンB1,とうもろこし,0.15,mg,100,0.15,0.9,16.7,2,,06175,確認済,2025年版・女性30-49・推奨量,成分表増補2023照合・取りこぼし追加（品番06175）
p,リン,木綿豆腐,88.0,mg,150,132.0,800.0,16.5,2,,04032,確認済,2025年版・女性30-49・目安量,成分表増補2023照合・取りこぼし追加（品番04032）
p,リン,えび,220.0,mg,60,132.0,800.0,16.5,2,,10415,確認済,2025年版・女性30-49・目安量,成分表増補2023照合・取りこぼし追加（品番10415）
niacin,ナイアシン,そうめん,2.8,mgNE,70,1.96,12.0,16.3,2,,01043,確認済,2025年版・女性30-49・推奨量,成分表増補2023照合・取りこぼし追加（品番01043）
panto,パントテン酸,ぶり,1.01,mg,80,0.81,5.0,16.2,2,,10241,確認済,2025年版・女性30-49・目安量,成分表増補2023照合・取りこぼし追加（品番10241）
se,セレン,カシューナッツ,27.0,µg,15,4.05,25.0,16.2,2,,05005,確認済,2025年版・女性30-49・推奨量,成分表増補2023照合・取りこぼし追加（品番05005）
zn,亜鉛,いわし,1.6,mg,80,1.28,8.0,16.0,2,,10047,確認済,2025年版・女性30-49・推奨量,成分表増補2023照合・取りこぼし追加（品番10047）
b1,ビタミンB1,ソーセージ,0.36,mg,40,0.14,0.9,16.0,2,,11306,確認済,2025年版・女性30-49・推奨量,成分表増補2023照合・取りこぼし追加（品番11306）
cu,銅,きなこ,1.12,mg,10,0.11,0.7,16.0,2,,04029,確認済,2025年版・女性30-49・推奨量,成分表増補2023照合・取りこぼし追加（品番04029）
p,リン,ほたて,210.0,mg,60,126.0,800.0,15.8,2,,10311,確認済,2025年版・女性30-49・目安量,成分表増補2023照合・取りこぼし追加（品番10311）
cu,銅,まいたけ,0.22,mg,50,0.11,0.7,15.7,2,,08028,確認済,2025年版・女性30-49・推奨量,成分表増補2023照合・取りこぼし追加（品番08028）
zn,亜鉛,レンズ豆,2.5,mg,50,1.25,8.0,15.6,2,,04094,確認済,2025年版・女性30-49・推奨量,成分表増補2023照合・取りこぼし追加（品番04094）
folate,葉酸,えのき,75.0,µg,50,37.5,240.0,15.6,2,,08001,確認済,2025年版・女性30-49・推奨量,成分表増補2023照合・取りこぼし追加（品番08001）
mg,マグネシウム,油揚げ,150.0,mg,30,45.0,290.0,15.5,2,,04040,確認済,2025年版・女性30-49・推奨量,成分表増補2023照合・取りこぼし追加（品番04040）
niacin,ナイアシン,油揚げ,6.2,mgNE,30,1.86,12.0,15.5,2,,04040,確認済,2025年版・女性30-49・推奨量,成分表増補2023照合・取りこぼし追加（品番04040）
b6,ビタミンB6,ツナ缶,0.26,mg,70,0.18,1.2,15.2,2,,10260,確認済,2025年版・女性30-49・推奨量,成分表増補2023照合・取りこぼし追加（品番10260）
zn,亜鉛,いか,1.5,mg,80,1.2,8.0,15.0,2,,10345,確認済,2025年版・女性30-49・推奨量,成分表増補2023照合・取りこぼし追加（品番10345）
niacin,ナイアシン,スキムミルク,9.0,mgNE,20,1.8,12.0,15.0,2,,13010,確認済,2025年版・女性30-49・推奨量,成分表増補2023照合・取りこぼし追加（品番13010）
b1,ビタミンB1,木綿豆腐,0.09,mg,150,0.14,0.9,15.0,2,,04032,確認済,2025年版・女性30-49・推奨量,成分表増補2023照合・取りこぼし追加（品番04032）
ve,ビタミンE,水菜,1.8,mg,50,0.9,6.0,15.0,2,,06072,確認済,2025年版・女性30-49・目安量,成分表増補2023照合・取りこぼし追加（品番06072）
ve,ビタミンE,アスパラガス,1.5,mg,60,0.9,6.0,15.0,2,,06007,確認済,2025年版・女性30-49・目安量,成分表増補2023照合・取りこぼし追加（品番06007）
cu,銅,ピーナッツ,0.69,mg,15,0.1,0.7,14.8,2,,05035,確認済,2025年版・女性30-49・推奨量,成分表増補2023照合・取りこぼし追加（品番05035）
k,カリウム,低脂肪乳,190.0,mg,200,380.0,2600.0,14.6,2,,13005,確認済,2025年版・女性30-49・目標量（以上）,成分表増補2023照合・取りこぼし追加（品番13005）
b2,ビタミンB2,ほたて,0.29,mg,60,0.17,1.2,14.5,2,,10311,確認済,2025年版・女性30-49・推奨量,成分表増補2023照合・取りこぼし追加（品番10311）
niacin,ナイアシン,ベーコン,8.6,mgNE,20,1.72,12.0,14.3,2,,11183,確認済,2025年版・女性30-49・推奨量,成分表増補2023照合・取りこぼし追加（品番11183）
cu,銅,とうもろこし,0.1,mg,100,0.1,0.7,14.3,2,,06175,確認済,2025年版・女性30-49・推奨量,成分表増補2023照合・取りこぼし追加（品番06175）
ve,ビタミンE,ひよこ豆,1.7,mg,50,0.85,6.0,14.2,2,,04066,確認済,2025年版・女性30-49・目安量,成分表増補2023照合・取りこぼし追加（品番04066）
folate,葉酸,大根,34.0,µg,100,34.0,240.0,14.2,2,,06132,確認済,2025年版・女性30-49・推奨量,成分表増補2023照合・取りこぼし追加（品番06132）
b6,ビタミンB6,いか,0.21,mg,80,0.17,1.2,14.0,2,,10345,確認済,2025年版・女性30-49・推奨量,成分表増補2023照合・取りこぼし追加（品番10345）
panto,パントテン酸,えのき,1.4,mg,50,0.7,5.0,14.0,2,,08001,確認済,2025年版・女性30-49・目安量,成分表増補2023照合・取りこぼし追加（品番08001）
p,リン,ツナ缶,160.0,mg,70,112.0,800.0,14.0,2,,10260,確認済,2025年版・女性30-49・目安量,成分表増補2023照合・取りこぼし追加（品番10260）
vc,ビタミンC,ベーコン,69.0,mg,20,13.8,100.0,13.8,2,,11183,確認済,2025年版・女性30-49・推奨量,成分表増補2023照合・取りこぼし追加（品番11183）
zn,亜鉛,厚揚げ,1.1,mg,100,1.1,8.0,13.8,2,,04039,確認済,2025年版・女性30-49・推奨量,成分表増補2023照合・取りこぼし追加（品番04039）
k,カリウム,スキムミルク,1800.0,mg,20,360.0,2600.0,13.8,2,,13010,確認済,2025年版・女性30-49・目標量（以上）,成分表増補2023照合・取りこぼし追加（品番13010）
folate,葉酸,トマト,22.0,µg,150,33.0,240.0,13.8,2,,06182,確認済,2025年版・女性30-49・推奨量,成分表増補2023照合・取りこぼし追加（品番06182）
va,ビタミンA,かぼちゃ,120.0,µgRAE,80,96.0,700.0,13.7,2,,06046,確認済,2025年版・女性30-49・推奨量,成分表増補2023照合・取りこぼし追加（品番06046）
vk,ビタミンK,油揚げ,67.0,µg,30,20.1,150.0,13.4,2,,04040,確認済,2025年版・女性30-49・目安量,成分表増補2023照合・取りこぼし追加（品番04040）
ve,ビタミンE,厚揚げ,0.8,mg,100,0.8,6.0,13.3,2,,04039,確認済,2025年版・女性30-49・目安量,成分表増補2023照合・取りこぼし追加（品番04039）
b1,ビタミンB1,えのき,0.24,mg,50,0.12,0.9,13.3,2,,08001,確認済,2025年版・女性30-49・推奨量,成分表増補2023照合・取りこぼし追加（品番08001）
vk,ビタミンK,めかぶ,40.0,µg,50,20.0,150.0,13.3,2,,09047,確認済,2025年版・女性30-49・目安量,成分表増補2023照合・取りこぼし追加（品番09047）
protein,たんぱく質,そうめん,9.5,g,70,6.65,50.0,13.3,2,,01043,確認済,2025年版・女性30-49・推奨量,成分表増補2023照合・取りこぼし追加（品番01043）
fiber,食物繊維,柿,1.6,g,150,2.4,18.0,13.3,2,,07049,確認済,2025年版・女性30-49・目標量（以上）,成分表増補2023照合・取りこぼし追加（品番07049）
p,リン,油揚げ,350.0,mg,30,105.0,800.0,13.1,2,,04040,確認済,2025年版・女性30-49・目安量,成分表増補2023照合・取りこぼし追加（品番04040）
k,カリウム,牛もも,340.0,mg,100,340.0,2600.0,13.1,2,,11048,確認済,2025年版・女性30-49・目標量（以上）,成分表増補2023照合・取りこぼし追加（品番11048）
va,ビタミンA,みかん,92.0,µgRAE,100,92.0,700.0,13.1,2,,07028,確認済,2025年版・女性30-49・推奨量,成分表増補2023照合・取りこぼし追加（品番07028）
p,リン,ぶり,130.0,mg,80,104.0,800.0,13.0,2,,10241,確認済,2025年版・女性30-49・目安量,成分表増補2023照合・取りこぼし追加（品番10241）
fat,脂質,いわし,9.2,g,80,7.36,57.0,12.9,2,,10047,確認済,2025年版・女性30-49・目標量25%E×2050kcal÷9で換算,成分表増補2023照合・取りこぼし追加（品番10047）
na,塩分,シリアル,2.1,g,40,0.84,6.5,12.9,2,,01137,確認済,"2025年版・女性30-49・目標量（食塩相当量,未満）",成分表増補2023照合・取りこぼし追加（品番01137）
p,リン,絹ごし豆腐,68.0,mg,150,102.0,800.0,12.8,2,,04033,確認済,2025年版・女性30-49・目安量,成分表増補2023照合・取りこぼし追加（品番04033）
mg,マグネシウム,とうもろこし,37.0,mg,100,37.0,290.0,12.8,2,,06175,確認済,2025年版・女性30-49・推奨量,成分表増補2023照合・取りこぼし追加（品番06175）
mg,マグネシウム,いか,46.0,mg,80,36.8,290.0,12.7,2,,10345,確認済,2025年版・女性30-49・推奨量,成分表増補2023照合・取りこぼし追加（品番10345）
fe,鉄,ほたて,2.2,mg,60,1.32,10.5,12.6,2,,10311,確認済,2025年版・女性30-49・推奨量（月経あり）,成分表増補2023照合・取りこぼし追加（品番10311）
p,リン,ヨーグルト,100.0,mg,100,100.0,800.0,12.5,2,,13025,確認済,2025年版・女性30-49・目安量,成分表増補2023照合・取りこぼし追加（品番13025）
p,リン,とうもろこし,100.0,mg,100,100.0,800.0,12.5,2,,06175,確認済,2025年版・女性30-49・目安量,成分表増補2023照合・取りこぼし追加（品番06175）
zn,亜鉛,とうもろこし,1.0,mg,100,1.0,8.0,12.5,2,,06175,確認済,2025年版・女性30-49・推奨量,成分表増補2023照合・取りこぼし追加（品番06175）
mg,マグネシウム,ほたて,59.0,mg,60,35.4,290.0,12.2,2,,10311,確認済,2025年版・女性30-49・推奨量,成分表増補2023照合・取りこぼし追加（品番10311）
k,カリウム,モロヘイヤ,530.0,mg,60,318.0,2600.0,12.2,2,,06293,確認済,2025年版・女性30-49・目標量（以上）,成分表増補2023照合・取りこぼし追加（品番06293）
p,リン,豆乳,49.0,mg,200,98.0,800.0,12.2,2,,04052,確認済,2025年版・女性30-49・目安量,成分表増補2023照合・取りこぼし追加（品番04052）
p,リン,たこ,160.0,mg,60,96.0,800.0,12.0,2,,10361,確認済,2025年版・女性30-49・目安量,成分表増補2023照合・取りこぼし追加（品番10361）
se,セレン,ヨーグルト,3.0,µg,100,3.0,25.0,12.0,2,,13025,確認済,2025年版・女性30-49・推奨量,成分表増補2023照合・取りこぼし追加（品番13025）
b1,ビタミンB1,モロヘイヤ,0.18,mg,60,0.11,0.9,12.0,2,,06293,確認済,2025年版・女性30-49・推奨量,成分表増補2023照合・取りこぼし追加（品番06293）
vc,ビタミンC,ソーセージ,30.0,mg,40,12.0,100.0,12.0,2,,11306,確認済,2025年版・女性30-49・推奨量,成分表増補2023照合・取りこぼし追加（品番11306）
cu,銅,そうめん,0.12,mg,70,0.08,0.7,12.0,2,,01043,確認済,2025年版・女性30-49・推奨量,成分表増補2023照合・取りこぼし追加（品番01043）
p,リン,レンズ豆,190.0,mg,50,95.0,800.0,11.9,3,,04094,確認済,2025年版・女性30-49・目安量,成分表増補2023照合・取りこぼし追加（品番04094）
k,カリウム,ぶり,380.0,mg,80,304.0,2600.0,11.7,3,,10241,確認済,2025年版・女性30-49・目標量（以上）,成分表増補2023照合・取りこぼし追加（品番10241）
folate,葉酸,厚揚げ,28.0,µg,100,28.0,240.0,11.7,3,,04039,確認済,2025年版・女性30-49・推奨量,成分表増補2023照合・取りこぼし追加（品番04039）
b6,ビタミンB6,とうもろこし,0.14,mg,100,0.14,1.2,11.7,3,,06175,確認済,2025年版・女性30-49・推奨量,成分表増補2023照合・取りこぼし追加（品番06175）
b1,ビタミンB1,グレープフルーツ,0.07,mg,150,0.11,0.9,11.7,3,,07062,確認済,2025年版・女性30-49・推奨量,成分表増補2023照合・取りこぼし追加（品番07062）
panto,パントテン酸,グレープフルーツ,0.39,mg,150,0.58,5.0,11.7,3,,07062,確認済,2025年版・女性30-49・目安量,成分表増補2023照合・取りこぼし追加（品番07062）
panto,パントテン酸,とうもろこし,0.58,mg,100,0.58,5.0,11.6,3,,06175,確認済,2025年版・女性30-49・目安量,成分表増補2023照合・取りこぼし追加（品番06175）
mg,マグネシウム,たこ,55.0,mg,60,33.0,290.0,11.4,3,,10361,確認済,2025年版・女性30-49・推奨量,成分表増補2023照合・取りこぼし追加（品番10361）
cu,銅,牛もも,0.08,mg,100,0.08,0.7,11.4,3,,11048,確認済,2025年版・女性30-49・推奨量,成分表増補2023照合・取りこぼし追加（品番11048）
vk,ビタミンK,きゅうり,34.0,µg,50,17.0,150.0,11.3,3,,06065,確認済,2025年版・女性30-49・目安量,成分表増補2023照合・取りこぼし追加（品番06065）
zn,亜鉛,木綿豆腐,0.6,mg,150,0.9,8.0,11.2,3,,04032,確認済,2025年版・女性30-49・推奨量,成分表増補2023照合・取りこぼし追加（品番04032）
zn,亜鉛,ひよこ豆,1.8,mg,50,0.9,8.0,11.2,3,,04066,確認済,2025年版・女性30-49・推奨量,成分表増補2023照合・取りこぼし追加（品番04066）
panto,パントテン酸,豆乳,0.28,mg,200,0.56,5.0,11.2,3,,04052,確認済,2025年版・女性30-49・目安量,成分表増補2023照合・取りこぼし追加（品番04052）
folate,葉酸,柿,18.0,µg,150,27.0,240.0,11.2,3,,07049,確認済,2025年版・女性30-49・推奨量,成分表増補2023照合・取りこぼし追加（品番07049）
cu,銅,ほたて,0.13,mg,60,0.08,0.7,11.1,3,,10311,確認済,2025年版・女性30-49・推奨量,成分表増補2023照合・取りこぼし追加（品番10311）
b1,ビタミンB1,レンズ豆,0.2,mg,50,0.1,0.9,11.1,3,,04094,確認済,2025年版・女性30-49・推奨量,成分表増補2023照合・取りこぼし追加（品番04094）
cu,銅,オレンジ,0.06,mg,130,0.08,0.7,11.1,3,,07040,確認済,2025年版・女性30-49・推奨量,成分表増補2023照合・取りこぼし追加（品番07040）
folate,葉酸,まいたけ,53.0,µg,50,26.5,240.0,11.0,3,,08028,確認済,2025年版・女性30-49・推奨量,成分表増補2023照合・取りこぼし追加（品番08028）
k,カリウム,たら,350.0,mg,80,280.0,2600.0,10.8,3,,10205,確認済,2025年版・女性30-49・目標量（以上）,成分表増補2023照合・取りこぼし追加（品番10205）
ve,ビタミンE,たら,0.8,mg,80,0.64,6.0,10.7,3,,10205,確認済,2025年版・女性30-49・目安量,成分表増補2023照合・取りこぼし追加（品番10205）
mg,マグネシウム,ピーナッツ,200.0,mg,15,30.0,290.0,10.3,3,,05035,確認済,2025年版・女性30-49・推奨量,成分表増補2023照合・取りこぼし追加（品番05035）
b1,ビタミンB1,オレンジ,0.07,mg,130,0.09,0.9,10.1,3,,07040,確認済,2025年版・女性30-49・推奨量,成分表増補2023照合・取りこぼし追加（品番07040）
vc,ビタミンC,豚レバー,20.0,mg,50,10.0,100.0,10.0,3,,11166,確認済,2025年版・女性30-49・推奨量,成分表増補2023照合・取りこぼし追加（品番11166）
zn,亜鉛,低脂肪乳,0.4,mg,200,0.8,8.0,10.0,3,,13005,確認済,2025年版・女性30-49・推奨量,成分表増補2023照合・取りこぼし追加（品番13005）
fe,鉄,水菜,2.1,mg,50,1.05,10.5,10.0,3,,06072,確認済,2025年版・女性30-49・推奨量（月経あり）,成分表増補2023照合・取りこぼし追加（品番06072）
p,リン,ソーセージ,200.0,mg,40,80.0,800.0,10.0,3,,11306,確認済,2025年版・女性30-49・目安量,成分表増補2023照合・取りこぼし追加（品番11306）
se,セレン,ひよこ豆,5.0,µg,50,2.5,25.0,10.0,3,,04066,確認済,2025年版・女性30-49・推奨量,成分表増補2023照合・取りこぼし追加（品番04066）
b6,ビタミンB6,かぼちゃ,0.15,mg,80,0.12,1.2,10.0,3,,06046,確認済,2025年版・女性30-49・推奨量,成分表増補2023照合・取りこぼし追加（品番06046）
niacin,ナイアシン,しいたけ,4.0,mgNE,30,1.2,12.0,10.0,3,,08039,確認済,2025年版・女性30-49・推奨量,成分表増補2023照合・取りこぼし追加（品番08039）
b6,ビタミンB6,豆乳,0.06,mg,200,0.12,1.2,10.0,3,,04052,確認済,2025年版・女性30-49・推奨量,成分表増補2023照合・取りこぼし追加（品番04052）
fiber,食物繊維,豆乳,0.9,g,200,1.8,18.0,10.0,3,,04052,確認済,2025年版・女性30-49・目標量（以上）,成分表増補2023照合・取りこぼし追加（品番04052）
b6,ビタミンB6,トマト,0.08,mg,150,0.12,1.2,10.0,3,,06182,確認済,2025年版・女性30-49・推奨量,成分表増補2023照合・取りこぼし追加（品番06182）
niacin,ナイアシン,トマト,0.8,mgNE,150,1.2,12.0,10.0,3,,06182,確認済,2025年版・女性30-49・推奨量,成分表増補2023照合・取りこぼし追加（品番06182）
folate,葉酸,みかん,24.0,µg,100,24.0,240.0,10.0,3,,07028,確認済,2025年版・女性30-49・推奨量,成分表増補2023照合・取りこぼし追加（品番07028）
se,セレン,パン,22.0,µg,60,13.2,25.0,52.8,1,,01026,確認済,2025年版・女性30-49・推奨量,実線化に伴う新規紐付け・日本食品標準成分表（八訂）増補2023年照合（品番01026）
fiber,食物繊維,パン,4.2,g,60,2.52,18.0,14,2,,01026,確認済,2025年版・女性30-49・目標量（以上）,実線化に伴う新規紐付け・日本食品標準成分表（八訂）増補2023年照合（品番01026）
niacin,ナイアシン,パン,2.6,mgNE,60,1.56,12.0,13,2,,01026,確認済,2025年版・女性30-49・推奨量,実線化に伴う新規紐付け・日本食品標準成分表（八訂）増補2023年照合（品番01026）
protein,たんぱく質,パン,8.9,g,60,5.34,50.0,10.7,3,,01026,確認済,2025年版・女性30-49・推奨量,実線化に伴う新規紐付け・日本食品標準成分表（八訂）増補2023年照合（品番01026）
cu,銅,チョコレート,0.55,mg,30,0.17,0.7,24.3,2,,15116,確認済,2025年版・女性30-49・推奨量,実線化に伴う新規紐付け・日本食品標準成分表（八訂）増補2023年照合（品番15116）
ca,カルシウム,チョコレート,240.0,mg,30,72.0,650.0,11.1,3,,15116,確認済,2025年版・女性30-49・推奨量,実線化に伴う新規紐付け・日本食品標準成分表（八訂）増補2023年照合（品番15116）
b2,ビタミンB2,チョコレート,0.41,mg,30,0.12,1.2,10,3,,15116,確認済,2025年版・女性30-49・推奨量,実線化に伴う新規紐付け・日本食品標準成分表（八訂）増補2023年照合（品番15116）
niacin,ナイアシン,ハム,11.2,mgNE,20,2.24,12.0,18.7,2,,11176,確認済,2025年版・女性30-49・推奨量,実線化に伴う新規紐付け・日本食品標準成分表（八訂）増補2023年照合（品番11176）
se,セレン,ハム,21.0,µg,20,4.2,25.0,16.8,2,,11176,確認済,2025年版・女性30-49・推奨量,実線化に伴う新規紐付け・日本食品標準成分表（八訂）増補2023年照合（品番11176）
b1,ビタミンB1,ハム,0.7,mg,20,0.14,0.9,15.6,2,,11176,確認済,2025年版・女性30-49・推奨量,実線化に伴う新規紐付け・日本食品標準成分表（八訂）増補2023年照合（品番11176）
b12,ビタミンB12,チーズ,3.2,µg,20,0.64,4.0,16,2,,13040,確認済,2025年版・女性30-49・目安量,実線化に伴う新規紐付け・日本食品標準成分表（八訂）増補2023年照合（品番13040）
se,セレン,チーズ,13.0,µg,20,2.6,25.0,10.4,3,,13040,確認済,2025年版・女性30-49・推奨量,実線化に伴う新規紐付け・日本食品標準成分表（八訂）増補2023年照合（品番13040）
cu,銅,味噌,0.39,mg,18,0.07,0.7,10,3,,17045,確認済,2025年版・女性30-49・推奨量,実線化に伴う新規紐付け・日本食品標準成分表（八訂）増補2023年照合（品番17045）
niacin,ナイアシン,ビール,0.9,mgNE,350,3.15,12.0,26.2,2,,16006,確認済,2025年版・女性30-49・推奨量,実線化に伴う新規紐付け・日本食品標準成分表（八訂）増補2023年照合（品番16006）
b6,ビタミンB6,ビール,0.05,mg,350,0.17,1.2,14.2,2,,16006,確認済,2025年版・女性30-49・推奨量,実線化に伴う新規紐付け・日本食品標準成分表（八訂）増補2023年照合（品番16006）
b6,ビタミンB6,日本酒,0.07,mg,180,0.13,1.2,10.8,3,,16001,確認済,2025年版・女性30-49・推奨量,実線化に伴う新規紐付け・日本食品標準成分表（八訂）増補2023年照合（品番16001）
folate,葉酸,ビール,7.0,µg,350,24.5,240.0,10.2,3,,16006,確認済,2025年版・女性30-49・推奨量,実線化に伴う新規紐付け・日本食品標準成分表（八訂）増補2023年照合（品番16006）
cu,銅,中華めん,0.09,mg,130,0.12,0.7,16.7,2,,01047,確認済,2025年版・女性30-49・推奨量,ラーメン→中華めんにリネーム・実線化・日本食品標準成分表（八訂）増補2023年照合（品番01047 中華めん生）
fiber,食物繊維,中華めん,5.4,g,130,7.02,18.0,39,1,,01047,確認済,2025年版・女性30-49・目標量（以上）,ラーメン→中華めんにリネーム・実線化・日本食品標準成分表（八訂）増補2023年照合（品番01047 中華めん生）
k,カリウム,中華めん,350.0,mg,130,455.0,2600.0,17.5,2,,01047,確認済,2025年版・女性30-49・目標量（以上）,ラーメン→中華めんにリネーム・実線化・日本食品標準成分表（八訂）増補2023年照合（品番01047 中華めん生）
na,塩分,中華めん,1.0,g,130,1.3,6.5,20,2,,01047,確認済,"2025年版・女性30-49・目標量（食塩相当量,未満）",ラーメン→中華めんにリネーム・実線化・日本食品標準成分表（八訂）増補2023年照合（品番01047 中華めん生）
niacin,ナイアシン,中華めん,2.3,mgNE,130,2.99,12.0,24.9,2,,01047,確認済,2025年版・女性30-49・推奨量,ラーメン→中華めんにリネーム・実線化・日本食品標準成分表（八訂）増補2023年照合（品番01047 中華めん生）
p,リン,中華めん,66.0,mg,130,85.8,800.0,10.7,3,,01047,確認済,2025年版・女性30-49・目安量,ラーメン→中華めんにリネーム・実線化・日本食品標準成分表（八訂）増補2023年照合（品番01047 中華めん生）
panto,パントテン酸,中華めん,0.55,mg,130,0.71,5.0,14.3,2,,01047,確認済,2025年版・女性30-49・目安量,ラーメン→中華めんにリネーム・実線化・日本食品標準成分表（八訂）増補2023年照合（品番01047 中華めん生）
protein,たんぱく質,中華めん,8.6,g,130,11.18,50.0,22.4,2,,01047,確認済,2025年版・女性30-49・推奨量,ラーメン→中華めんにリネーム・実線化・日本食品標準成分表（八訂）増補2023年照合（品番01047 中華めん生）
se,セレン,中華めん,33.0,µg,130,42.9,25.0,171.6,1,,01047,確認済,2025年版・女性30-49・推奨量,ラーメン→中華めんにリネーム・実線化・日本食品標準成分表（八訂）増補2023年照合（品番01047 中華めん生）
sugar,糖質,中華めん,50.4,g,130,65.52,250.0,26.2,2,,01047,確認済,2025年版・女性30-49・炭水化物目標量50%E×2050kcal÷4で換算,ラーメン→中華めんにリネーム・実線化・日本食品標準成分表（八訂）増補2023年照合（品番01047 中華めん生）
vk,ビタミンK,ズッキーニ,35.0,µg,80,28.0,150,18.7,2,,06116,確認済,2025年版・女性30-49・目安量,06116 ズッキーニ 果実 生
vc,ビタミンC,ズッキーニ,20.0,mg,80,16.0,100,16.0,2,,06116,確認済,2025年版・女性30-49・推奨量,06116 ズッキーニ 果実 生
folate,葉酸,ズッキーニ,36.0,µg,80,28.8,240,12.0,2,,06116,確認済,2025年版・女性30-49・推奨量,06116 ズッキーニ 果実 生
va,ビタミンA,鶏レバー,14000,µgRAE,50,7000.0,700,1000.0,1,,11232,確認済,2025年版・女性30-49,11232 ＜鳥肉類＞ にわとり ［副品目］ 肝臓 生
b12,ビタミンB12,鶏レバー,44,µg,50,22.0,4,550.0,1,,11232,確認済,2025年版・女性30-49,11232 ＜鳥肉類＞ にわとり ［副品目］ 肝臓 生
folate,葉酸,鶏レバー,1300,µg,50,650.0,240,270.8,1,,11232,確認済,2025年版・女性30-49,11232 ＜鳥肉類＞ にわとり ［副品目］ 肝臓 生
se,セレン,鶏レバー,60,µg,50,30.0,25,120.0,1,,11232,確認済,2025年版・女性30-49,11232 ＜鳥肉類＞ にわとり ［副品目］ 肝臓 生
panto,パントテン酸,鶏レバー,10,mg,50,5.0,5,100.0,1,,11232,確認済,2025年版・女性30-49,11232 ＜鳥肉類＞ にわとり ［副品目］ 肝臓 生
b2,ビタミンB2,鶏レバー,1.8,mg,50,0.9,1.2,75.0,1,,11232,確認済,2025年版・女性30-49,11232 ＜鳥肉類＞ にわとり ［副品目］ 肝臓 生
fe,鉄,鶏レバー,9,mg,50,4.5,10.5,42.9,1,,11232,確認済,2025年版・女性30-49,11232 ＜鳥肉類＞ にわとり ［副品目］ 肝臓 生
niacin,ナイアシン,鶏レバー,9,mgNE,50,4.5,12,37.5,1,,11232,確認済,2025年版・女性30-49,11232 ＜鳥肉類＞ にわとり ［副品目］ 肝臓 生
b6,ビタミンB6,鶏レバー,0.65,mg,50,0.3,1.2,27.1,2,,11232,確認済,2025年版・女性30-49,11232 ＜鳥肉類＞ にわとり ［副品目］ 肝臓 生
cu,銅,鶏レバー,0.32,mg,50,0.2,0.7,22.9,2,,11232,確認済,2025年版・女性30-49,11232 ＜鳥肉類＞ にわとり ［副品目］ 肝臓 生
b1,ビタミンB1,鶏レバー,0.38,mg,50,0.2,0.9,21.1,2,,11232,確認済,2025年版・女性30-49,11232 ＜鳥肉類＞ にわとり ［副品目］ 肝臓 生
zn,亜鉛,鶏レバー,3.3,mg,50,1.6,8,20.6,2,,11232,確認済,2025年版・女性30-49,11232 ＜鳥肉類＞ にわとり ［副品目］ 肝臓 生
protein,たんぱく質,鶏レバー,18.9,g,50,9.4,50,18.9,2,,11232,確認済,2025年版・女性30-49,11232 ＜鳥肉類＞ にわとり ［副品目］ 肝臓 生
p,リン,鶏レバー,300,mg,50,150.0,800,18.8,2,,11232,確認済,2025年版・女性30-49,11232 ＜鳥肉類＞ にわとり ［副品目］ 肝臓 生
vc,ビタミンC,鶏レバー,20,mg,50,10.0,100,10.0,3,,11232,確認済,2025年版・女性30-49,11232 ＜鳥肉類＞ にわとり ［副品目］ 肝臓 生
se,セレン,あじ,46,µg,80,36.8,25,147.2,1,,10003,確認済,2025年版・女性30-49,10003 ＜魚類＞ （あじ類） まあじ 皮つき 生
b12,ビタミンB12,あじ,7.1,µg,80,5.7,4,142.0,1,,10003,確認済,2025年版・女性30-49,10003 ＜魚類＞ （あじ類） まあじ 皮つき 生
vd,ビタミンD,あじ,8.9,µg,80,7.1,9,79.1,1,,10003,確認済,2025年版・女性30-49,10003 ＜魚類＞ （あじ類） まあじ 皮つき 生
niacin,ナイアシン,あじ,9.2,mgNE,80,7.4,12,61.3,1,,10003,確認済,2025年版・女性30-49,10003 ＜魚類＞ （あじ類） まあじ 皮つき 生
protein,たんぱく質,あじ,19.7,g,80,15.8,50,31.5,1,,10003,確認済,2025年版・女性30-49,10003 ＜魚類＞ （あじ類） まあじ 皮つき 生
p,リン,あじ,230,mg,80,184.0,800,23.0,2,,10003,確認済,2025年版・女性30-49,10003 ＜魚類＞ （あじ類） まあじ 皮つき 生
b6,ビタミンB6,あじ,0.3,mg,80,0.2,1.2,20.0,2,,10003,確認済,2025年版・女性30-49,10003 ＜魚類＞ （あじ類） まあじ 皮つき 生
b1,ビタミンB1,あじ,0.13,mg,80,0.1,0.9,11.6,3,,10003,確認済,2025年版・女性30-49,10003 ＜魚類＞ （あじ類） まあじ 皮つき 生
k,カリウム,あじ,360,mg,80,288.0,2600,11.1,3,,10003,確認済,2025年版・女性30-49,10003 ＜魚類＞ （あじ類） まあじ 皮つき 生
zn,亜鉛,あじ,1.1,mg,80,0.9,8,11.0,3,,10003,確認済,2025年版・女性30-49,10003 ＜魚類＞ （あじ類） まあじ 皮つき 生
vk,ビタミンK,チンゲンサイ,84,µg,80,67.2,150,44.8,1,,06160,確認済,2025年版・女性30-49,06160 チンゲンサイ 葉 生
folate,葉酸,チンゲンサイ,66,µg,80,52.8,240,22.0,2,,06160,確認済,2025年版・女性30-49,06160 チンゲンサイ 葉 生
va,ビタミンA,チンゲンサイ,170,µgRAE,80,136.0,700,19.4,2,,06160,確認済,2025年版・女性30-49,06160 チンゲンサイ 葉 生
vc,ビタミンC,チンゲンサイ,24,mg,80,19.2,100,19.2,2,,06160,確認済,2025年版・女性30-49,06160 チンゲンサイ 葉 生
ca,カルシウム,チンゲンサイ,100,mg,80,80.0,650,12.3,3,,06160,確認済,2025年版・女性30-49,06160 チンゲンサイ 葉 生
folate,葉酸,オクラ,110,µg,60,66.0,240,27.5,2,,06032,確認済,2025年版・女性30-49,06032 オクラ 果実 生
vk,ビタミンK,オクラ,66,µg,60,39.6,150,26.4,2,,06032,確認済,2025年版・女性30-49,06032 オクラ 果実 生
fiber,食物繊維,オクラ,5,g,60,3.0,18,16.7,2,,06032,確認済,2025年版・女性30-49,06032 オクラ 果実 生
ve,ビタミンE,オクラ,1.2,mg,60,0.7,6,12.0,3,,06032,確認済,2025年版・女性30-49,06032 オクラ 果実 生
cu,銅,オクラ,0.13,mg,60,0.1,0.7,11.1,3,,06032,確認済,2025年版・女性30-49,06032 オクラ 果実 生
mg,マグネシウム,オクラ,51,mg,60,30.6,290,10.6,3,,06032,確認済,2025年版・女性30-49,06032 オクラ 果実 生
vk,ビタミンK,にら,180,µg,50,90.0,150,60.0,1,,06207,確認済,2025年版・女性30-49,06207 （にら類） にら 葉 生
ve,ビタミンE,にら,2.5,mg,50,1.2,6,20.8,2,,06207,確認済,2025年版・女性30-49,06207 （にら類） にら 葉 生
folate,葉酸,にら,100,µg,50,50.0,240,20.8,2,,06207,確認済,2025年版・女性30-49,06207 （にら類） にら 葉 生
va,ビタミンA,にら,290,µgRAE,50,145.0,700,20.7,2,,06207,確認済,2025年版・女性30-49,06207 （にら類） にら 葉 生
vk,ビタミンK,春菊,250,µg,60,150.0,150,100.0,1,,06099,確認済,2025年版・女性30-49,06099 しゅんぎく 葉 生
folate,葉酸,春菊,190,µg,60,114.0,240,47.5,1,,06099,確認済,2025年版・女性30-49,06099 しゅんぎく 葉 生
va,ビタミンA,春菊,380,µgRAE,60,228.0,700,32.6,1,,06099,確認済,2025年版・女性30-49,06099 しゅんぎく 葉 生
ve,ビタミンE,春菊,1.7,mg,60,1.0,6,17.0,2,,06099,確認済,2025年版・女性30-49,06099 しゅんぎく 葉 生
vc,ビタミンC,春菊,19,mg,60,11.4,100,11.4,3,,06099,確認済,2025年版・女性30-49,06099 しゅんぎく 葉 生
ca,カルシウム,春菊,120,mg,60,72.0,650,11.1,3,,06099,確認済,2025年版・女性30-49,06099 しゅんぎく 葉 生
fiber,食物繊維,春菊,3.2,g,60,1.9,18,10.7,3,,06099,確認済,2025年版・女性30-49,06099 しゅんぎく 葉 生
k,カリウム,春菊,460,mg,60,276.0,2600,10.6,3,,06099,確認済,2025年版・女性30-49,06099 しゅんぎく 葉 生
folate,葉酸,かぶ,48,µg,60,28.8,240,12.0,3,,06036,確認済,2025年版・女性30-49,06036 かぶ 根 皮つき 生
vc,ビタミンC,かぶ,19,mg,60,11.4,100,11.4,3,,06036,確認済,2025年版・女性30-49,06036 かぶ 根 皮つき 生
vc,ビタミンC,れんこん,48,mg,60,28.8,100,28.8,2,,06317,確認済,2025年版・女性30-49,06317 れんこん 根茎 生
panto,パントテン酸,れんこん,0.89,mg,60,0.5,5,10.7,3,,06317,確認済,2025年版・女性30-49,06317 れんこん 根茎 生
k,カリウム,れんこん,440,mg,60,264.0,2600,10.2,3,,06317,確認済,2025年版・女性30-49,06317 れんこん 根茎 生
niacin,ナイアシン,エリンギ,6.7,mgNE,40,2.7,12,22.3,2,,08025,確認済,2025年版・女性30-49,08025 （ひらたけ類） エリンギ 生
folate,葉酸,エリンギ,65,µg,40,26.0,240,10.8,3,,08025,確認済,2025年版・女性30-49,08025 （ひらたけ類） エリンギ 生
niacin,ナイアシン,なめこ,5.5,mgNE,40,2.2,12,18.3,2,,08020,確認済,2025年版・女性30-49,08020 なめこ 株採り 生
panto,パントテン酸,なめこ,1.29,mg,40,0.5,5,10.3,3,,08020,確認済,2025年版・女性30-49,08020 なめこ 株採り 生
folate,葉酸,なめこ,60,µg,40,24.0,240,10.0,3,,08020,確認済,2025年版・女性30-49,08020 なめこ 株採り 生
se,セレン,ちくわ,30,µg,50,15.0,25,60.0,1,,10381,確認済,2025年版・女性30-49,10381 ＜水産練り製品＞ 焼き竹輪
na,塩分,ちくわ,2.5,g,50,1.2,6.5,19.2,2,,10381,確認済,2025年版・女性30-49,10381 ＜水産練り製品＞ 焼き竹輪
vc,ビタミンC,ちくわ,36,mg,50,18.0,100,18.0,2,,10381,確認済,2025年版・女性30-49,10381 ＜水産練り製品＞ 焼き竹輪
protein,たんぱく質,ちくわ,13.2,g,50,6.6,50,13.2,3,,10381,確認済,2025年版・女性30-49,10381 ＜水産練り製品＞ 焼き竹輪
niacin,ナイアシン,ちくわ,3,mgNE,50,1.5,12,12.5,3,,10381,確認済,2025年版・女性30-49,10381 ＜水産練り製品＞ 焼き竹輪
b12,ビタミンB12,ちくわ,0.8,µg,50,0.4,4,10.0,3,,10381,確認済,2025年版・女性30-49,10381 ＜水産練り製品＞ 焼き竹輪
ve,ビタミンE,桃,0.7,mg,100,0.7,6,11.7,3,,07136,確認済,2025年版・女性30-49,07136 （もも類） もも 白肉種 生
b6,ビタミンB6,にんにく,1.53,mg,10,0.2,1.2,12.8,3,,06223,確認済,2025年版・女性30-49,06223 （にんにく類） にんにく りん茎 生
